[{"model": "contenttypes.contenttype", "pk": 1, "fields": {"app_label": "admin", "model": "logentry"}}, {"model": "contenttypes.contenttype", "pk": 2, "fields": {"app_label": "auth", "model": "permission"}}, {"model": "contenttypes.contenttype", "pk": 3, "fields": {"app_label": "auth", "model": "group"}}, {"model": "contenttypes.contenttype", "pk": 4, "fields": {"app_label": "auth", "model": "user"}}, {"model": "contenttypes.contenttype", "pk": 5, "fields": {"app_label": "contenttypes", "model": "contenttype"}}, {"model": "contenttypes.contenttype", "pk": 6, "fields": {"app_label": "sessions", "model": "session"}}, {"model": "contenttypes.contenttype", "pk": 7, "fields": {"app_label": "sites", "model": "site"}}, {"model": "contenttypes.contenttype", "pk": 8, "fields": {"app_label": "account", "model": "emailaddress"}}, {"model": "contenttypes.contenttype", "pk": 9, "fields": {"app_label": "account", "model": "emailconfirmation"}}, {"model": "contenttypes.contenttype", "pk": 10, "fields": {"app_label": "socialaccount", "model": "socialaccount"}}, {"model": "contenttypes.contenttype", "pk": 11, "fields": {"app_label": "socialaccount", "model": "socialapp"}}, {"model": "contenttypes.contenttype", "pk": 12, "fields": {"app_label": "socialaccount", "model": "socialtoken"}}, {"model": "contenttypes.contenttype", "pk": 13, "fields": {"app_label": "products", "model": "category"}}, {"model": "contenttypes.contenttype", "pk": 14, "fields": {"app_label": "products", "model": "product"}}, {"model": "contenttypes.contenttype", "pk": 15, "fields": {"app_label": "checkout", "model": "order"}}, {"model": "contenttypes.contenttype", "pk": 16, "fields": {"app_label": "checkout", "model": "orderlineitem"}}, {"model": "contenttypes.contenttype", "pk": 17, "fields": {"app_label": "profiles", "model": "userprofile"}}, {"model": "contenttypes.contenttype", "pk": 18, "fields": {"app_label": "blog", "model": "blog"}}, {"model": "contenttypes.contenttype", "pk": 19, "fields": {"app_label": "blog", "model": "category"}}, {"model": "contenttypes.contenttype", "pk": 20, "fields": {"app_label": "blog", "model": "like"}}, {"model": "contenttypes.contenttype", "pk": 21, "fields": {"app_label": "blog", "model": "blogview"}}, {"model": "contenttypes.contenttype", "pk": 22, "fields": {"app_label": "blog", "model": "blogcomment"}}, {"model": "contenttypes.contenttype", "pk": 23, "fields": {"app_label": "memberships", "model": "membership"}}, {"model": "contenttypes.contenttype", "pk": 24, "fields": {"app_label": "memberships", "model": "usermembership"}}, {"model": "contenttypes.contenttype", "pk": 25, "fields": {"app_label": "memberships", "model": "subscription"}}, {"model": "contenttypes.contenttype", "pk": 26, "fields": {"app_label": "programs", "model": "program"}}, {"model": "contenttypes.contenttype", "pk": 27, "fields": {"app_label": "programs", "model": "workout"}}, {"model": "contenttypes.contenttype", "pk": 28, "fields": {"app_label": "profiles", "model": "useraddress"}}, {"model": "contenttypes.contenttype", "pk": 29, "fields": {"app_label": "profiles", "model": "profile"}}, {"model": "sessions.session", "pk": "54w9cvvo7ep0vwkkyqoz8dq20pzty513", "fields": {"session_data": "ZTU1MTdmZmYyNjlkYjdjNzhlNGY2MGMyY2RiZjZhNjllZWYxMjczYTp7Il9hdXRoX3VzZXJfaWQiOiIxIiwiX2F1dGhfdXNlcl9iYWNrZW5kIjoiYWxsYXV0aC5hY2NvdW50LmF1dGhfYmFja2VuZHMuQXV0aGVudGljYXRpb25CYWNrZW5kIiwiX2F1dGhfdXNlcl9oYXNoIjoiOTQ4MzQwM2YxOGQ4YmQ5OTM3ZWI1ODk4OGIwNGRjZjJmODg2NjVlNyIsIl9zZXNzaW9uX2V4cGlyeSI6MCwiY2FydCI6eyI0Ijp7Iml0ZW1zX2J5X3NpemUiOnsibSI6MX19fX0=", "expire_date": "2020-08-20T09:05:30.624Z"}}, {"model": "sessions.session", "pk": "mfveqxjf838uctcafqnagid7ue47r9s9", "fields": {"session_data": "NjlhYTIwZGMyYmE1Yjc2ODljN2Q5ODljMWIzODFmMWIyZjIwYjQ3ODp7Il9hdXRoX3VzZXJfaWQiOiIxIiwiX2F1dGhfdXNlcl9iYWNrZW5kIjoiYWxsYXV0aC5hY2NvdW50LmF1dGhfYmFja2VuZHMuQXV0aGVudGljYXRpb25CYWNrZW5kIiwiX2F1dGhfdXNlcl9oYXNoIjoiOTQ4MzQwM2YxOGQ4YmQ5OTM3ZWI1ODk4OGIwNGRjZjJmODg2NjVlNyIsIl9zZXNzaW9uX2V4cGlyeSI6MCwic2VsZWN0ZWRfbWVtYmVyc2hpcF90eXBlIjoiUHJvZmVzc2lvbmFsIn0=", "expire_date": "2020-08-12T12:05:41.268Z"}}, {"model": "sessions.session", "pk": "pcs1h47eel0nzf2wtz2ru0yxwqesfcp7", "fields": {"session_data": "YWFlNzM4NzBkYjA4MDQ4MjYwMjJhZGJlMzk1MmIzNjJhNGEzZjBjZjp7Il9hdXRoX3VzZXJfaWQiOiI0IiwiX2F1dGhfdXNlcl9iYWNrZW5kIjoiYWxsYXV0aC5hY2NvdW50LmF1dGhfYmFja2VuZHMuQXV0aGVudGljYXRpb25CYWNrZW5kIiwiX2F1dGhfdXNlcl9oYXNoIjoiOTY2MmM5YTA0OWFlNTJlMDg5NDM3NWI5ZDA1YjJkZTczYTA5YTViZiIsIl9zZXNzaW9uX2V4cGlyeSI6MH0=", "expire_date": "2020-08-15T15:44:14.046Z"}}, {"model": "sites.site", "pk": 1, "fields": {"domain": "example.com", "name": "example.com"}}, {"model": "products.category", "pk": 1, "fields": {"name": "special_offers", "friendly_name": "Special Offers"}}, {"model": "products.category", "pk": 2, "fields": {"name": "tops", "friendly_name": "Tops"}}, {"model": "products.category", "pk": 3, "fields": {"name": "protein", "friendly_name": "Protein"}}, {"model": "products.category", "pk": 4, "fields": {"name": "bcaa", "friendly_name": "BCAA"}}, {"model": "products.product", "pk": 2, "fields": {"category": 4, "name": "mens top", "description": "mens top", "has_sizes": true, "price": "30.00", "rating": "4.50", "image_url": null, "image": "mens-polo-bk-yellow.png", "in_stock": true, "on_sale": false}}, {"model": "products.product", "pk": 3, "fields": {"category": 1, "name": "mens 2nd top", "description": "This like the first on only differant", "has_sizes": true, "price": "34.00", "rating": "4.00", "image_url": null, "image": "mens-polo-bk-wt.png", "in_stock": true, "on_sale": true}}, {"model": "products.product", "pk": 4, "fields": {"category": 2, "name": "Mens jacket", "description": "<p>t is a long established fact that a reader will be distracted by the readable content of a page when looking at its layout.</p>\r\n\r\n<p>The point of using Lorem Ipsum is that it has a more-or-less normal distribution of letters, as opposed to using</p>\r\n\r\n<p>&#39;Content here, content here&#39;, making it look like readable English.</p>\r\n\r\n<p>Many desktop publishing packages and web page</p>", "has_sizes": true, "price": "55.00", "rating": "5.00", "image_url": null, "image": "men-jumper-burgandy.png", "in_stock": true, "on_sale": false}}, {"model": "products.product", "pk": 6, "fields": {"category": 2, "name": "Arizona Original Bootcut Jeans", "description": "lkdsjflskfjK ESJ E fjs jdsfj  dkjfdskfj ds  jfw FJW", "has_sizes": false, "price": "45.00", "rating": "4.50", "image_url": null, "image": "Mens-jumper-blue.png", "in_stock": true, "on_sale": false}}, {"model": "products.product", "pk": 7, "fields": {"category": 1, "name": "Protein", "description": "dfsfsfs", "has_sizes": false, "price": "10.00", "rating": "4.00", "image_url": null, "image": "gold_casein_yuYp4Xf.jpg", "in_stock": true, "on_sale": true}}, {"model": "products.product", "pk": 8, "fields": {"category": 1, "name": "vitamins", "description": "vitaminsvitaminsvitaminsvitaminsvitaminsvitaminsvitaminsvitaminsvitaminsvitaminsvitaminsvitaminsvitaminsvitaminsvitaminsvitaminsvitaminsvitaminsvitaminsvitamins", "has_sizes": false, "price": "20.00", "rating": "5.00", "image_url": null, "image": "amino_energy_geESbHz.jpg", "in_stock": true, "on_sale": true}}, {"model": "checkout.order", "pk": 1, "fields": {"order_number": "2C2B3FBD683C4A1DA55BC03F99A0A9FE", "user_profile": 1, "full_name": "Clinton Davis", "email": "clintongadavis@gmail.com", "phone_number": "0863941979", "country": "IE", "postcode": "D16WF62", "town_or_city": "Dublin", "street_address1": "60 Llewellyn Grove, Rathfarnham", "street_address2": "Rathfarnham", "county": "Dublin", "date": "2020-07-23T15:24:20.110Z", "delivery_cost": "0.00", "sub_discount": "0.00", "tax": "0.00", "order_total": "0.00", "sub_total": "0.00", "grand_total": "0.00", "original_cart": "{\"1\": {\"items_by_size\": {\"m\": 3}}}", "stripe_pid": "pi_1H86GyJVYSpLhqQugh4vqAza"}}, {"model": "checkout.order", "pk": 2, "fields": {"order_number": "EA89A679CFB64C17A2CDF67C59B2BDCA", "user_profile": 1, "full_name": "Clinton Davis", "email": "clintongadavis@gmail.com", "phone_number": "+353863941979", "country": "IE", "postcode": "D16WF62", "town_or_city": "Dublin", "street_address1": "60 Llewellyn Grove, Rathfarnham", "street_address2": "Rathfarnham", "county": "Dublin", "date": "2020-07-27T08:25:50.179Z", "delivery_cost": "3.40", "sub_discount": "0.00", "tax": "0.00", "order_total": "34.00", "sub_total": "0.00", "grand_total": "37.40", "original_cart": "{\"3\": {\"items_by_size\": {\"m\": 1}}}", "stripe_pid": "pi_1H9Re7JVYSpLhqQuQl9WOcAn"}}, {"model": "checkout.order", "pk": 3, "fields": {"order_number": "F2262E383CB549E2B7917268831C3547", "user_profile": 1, "full_name": "Sinead Davis", "email": "sineadhdavis@gmail.com", "phone_number": "0876559726", "country": "IE", "postcode": "D16WF62", "town_or_city": "Dublin", "street_address1": "60 Llewellyn Grove, Rathfarnham", "street_address2": "Rathfarnham", "county": "Dublin", "date": "2020-07-27T08:46:20.359Z", "delivery_cost": "0.00", "sub_discount": "0.00", "tax": "0.00", "order_total": "0.00", "sub_total": "0.00", "grand_total": "0.00", "original_cart": "{\"5\": {\"items_by_size\": {\"m\": 1}}}", "stripe_pid": "pi_1H9Ry1JVYSpLhqQuzmAX4ajV"}}, {"model": "checkout.order", "pk": 4, "fields": {"order_number": "16C17D386E37415D920E2ADD60605E04", "user_profile": 1, "full_name": "Clinton Davis", "email": "clintongadavis@gmail.com", "phone_number": "+353863941979", "country": "IE", "postcode": "D16WF62", "town_or_city": "Dublin", "street_address1": "60 Llewellyn Grove, Rathfarnham", "street_address2": "Rathfarnham", "county": "Dublin", "date": "2020-07-28T10:10:22.530Z", "delivery_cost": "4.50", "sub_discount": "0.00", "tax": "0.00", "order_total": "45.00", "sub_total": "0.00", "grand_total": "49.50", "original_cart": "{\"6\": 1}", "stripe_pid": "pi_1H9pA1JVYSpLhqQuHoLeBBjm"}}, {"model": "checkout.order", "pk": 5, "fields": {"order_number": "3055EF494AFE481295F3407140171D3F", "user_profile": 1, "full_name": "Clinton Davis", "email": "clintongadavis@gmail.com", "phone_number": "+353863941979", "country": "IE", "postcode": "D16WF62", "town_or_city": "Dublin", "street_address1": "60 Llewellyn Grove, Rathfarnham", "street_address2": "Rathfarnham", "county": "Dublin", "date": "2020-07-28T10:11:22.600Z", "delivery_cost": "5.50", "sub_discount": "0.00", "tax": "0.00", "order_total": "55.00", "sub_total": "0.00", "grand_total": "60.50", "original_cart": "{\"4\": {\"items_by_size\": {\"m\": 1}}}", "stripe_pid": "pi_1H9plvJVYSpLhqQuJ6wpaKCX"}}, {"model": "checkout.order", "pk": 6, "fields": {"order_number": "54FD05D676C14AF08B903A38F2467FB3", "user_profile": 1, "full_name": "Clinton Davis", "email": "clintongadavis@gmail.com", "phone_number": "+353863941979", "country": "IE", "postcode": "D16WF62", "town_or_city": "Dublin", "street_address1": "60 Llewellyn Grove, Rathfarnham", "street_address2": "Rathfarnham", "county": "Dublin", "date": "2020-07-28T12:28:39.208Z", "delivery_cost": "0.00", "sub_discount": "0.00", "tax": "0.00", "order_total": "0.00", "sub_total": "0.00", "grand_total": "0.00", "original_cart": "{\"5\": {\"items_by_size\": {\"m\": 10}}}", "stripe_pid": "pi_1H9rujJVYSpLhqQuYb727ZtI"}}, {"model": "checkout.order", "pk": 7, "fields": {"order_number": "45CF01CA8B2B48D8BEA34950174EA235", "user_profile": 1, "full_name": "Clinton Davis", "email": "clintongadavis@gmail.com", "phone_number": "+353863941979", "country": "US", "postcode": "D16WF62", "town_or_city": "Dublin", "street_address1": "60 Llewellyn Grove, Rathfarnham", "street_address2": "Rathfarnham", "county": "Dublin", "date": "2020-07-28T12:32:13.531Z", "delivery_cost": "0.00", "sub_discount": "0.00", "tax": "0.00", "order_total": "1045.00", "sub_total": "0.00", "grand_total": "1045.00", "original_cart": "{\"4\": {\"items_by_size\": {\"m\": 19}}}", "stripe_pid": "pi_1H9ry7JVYSpLhqQuqqwrNhy2"}}, {"model": "checkout.order", "pk": 8, "fields": {"order_number": "73DB7E4F64D14411A1395891F61A345F", "user_profile": 1, "full_name": "admin", "email": "admin@admin.com", "phone_number": "+353863941979", "country": "US", "postcode": "D16WF62", "town_or_city": "Dublin", "street_address1": "60 Llewellyn Grove, Rathfarnham", "street_address2": "Rathfarnham", "county": "Dublin", "date": "2020-07-28T12:36:23.440Z", "delivery_cost": "0.00", "sub_discount": "0.00", "tax": "0.00", "order_total": "0.00", "sub_total": "0.00", "grand_total": "0.00", "original_cart": "{\"5\": {\"items_by_size\": {\"m\": 1}}}", "stripe_pid": "pi_1H9s1uJVYSpLhqQuzNJ62wML"}}, {"model": "checkout.order", "pk": 9, "fields": {"order_number": "44FC981ED63C40D0B3DA681EF7501AC6", "user_profile": 1, "full_name": "Clinton Davis", "email": "clintongadavis@gmail.com", "phone_number": "+353863941979", "country": "IE", "postcode": "D16WF62", "town_or_city": "Dublin", "street_address1": "60 Llewellyn Grove, Rathfarnham", "street_address2": "Rathfarnham", "county": "Dublin", "date": "2020-07-28T13:21:25.126Z", "delivery_cost": "0.00", "sub_discount": "0.00", "tax": "0.00", "order_total": "102.00", "sub_total": "0.00", "grand_total": "102.00", "original_cart": "{\"3\": {\"items_by_size\": {\"m\": 3}}}", "stripe_pid": "pi_1H9sjzJVYSpLhqQuzazMALZg"}}, {"model": "checkout.order", "pk": 10, "fields": {"order_number": "09559D4F2E4943B7A863FF87D4C32182", "user_profile": null, "full_name": "Clinton Davis", "email": "clintongadavis@gmail.com", "phone_number": "+353863941979", "country": "IE", "postcode": "D16WF62", "town_or_city": "Dublin", "street_address1": "60 Llewellyn Grove, Rathfarnham", "street_address2": "Rathfarnham", "county": "Dublin", "date": "2020-07-28T13:25:06.575Z", "delivery_cost": "0.00", "sub_discount": "0.00", "tax": "0.00", "order_total": "136.00", "sub_total": "0.00", "grand_total": "136.00", "original_cart": "{\"3\": {\"items_by_size\": {\"m\": 4}}}", "stripe_pid": "pi_1H9snJJVYSpLhqQuJJDjyshD"}}, {"model": "checkout.order", "pk": 11, "fields": {"order_number": "DF3829D88695415E9E820731F4C51A85", "user_profile": null, "full_name": "Clinton Davis", "email": "clintongadavis@gmail.com", "phone_number": "+353863941979", "country": "IE", "postcode": "D16WF62", "town_or_city": "Dublin", "street_address1": "60 Llewellyn Grove, Rathfarnham", "street_address2": "Rathfarnham", "county": "Dublin", "date": "2020-07-28T13:38:14.408Z", "delivery_cost": "5.50", "sub_discount": "0.00", "tax": "0.00", "order_total": "55.00", "sub_total": "0.00", "grand_total": "60.50", "original_cart": "{\"4\": {\"items_by_size\": {\"m\": 1}}}", "stripe_pid": "pi_1H9t08JVYSpLhqQuJ2uXxb3t"}}, {"model": "checkout.order", "pk": 12, "fields": {"order_number": "69E51CEB49394CF98FB816C9F67D4EC9", "user_profile": null, "full_name": "Clinton Davis", "email": "clintongadavis@gmail.com", "phone_number": "+353863941979", "country": "IE", "postcode": "D16WF62", "town_or_city": "Dublin", "street_address1": "60 Llewellyn Grove, Rathfarnham", "street_address2": "Rathfarnham", "county": "Dublin", "date": "2020-07-28T13:44:04.400Z", "delivery_cost": "0.00", "sub_discount": "0.00", "tax": "0.00", "order_total": "1050.00", "sub_total": "0.00", "grand_total": "1050.00", "original_cart": "{\"2\": {\"items_by_size\": {\"m\": 35}}}", "stripe_pid": "pi_1H9t5WJVYSpLhqQuaFANCXUL"}}, {"model": "checkout.order", "pk": 13, "fields": {"order_number": "701AC12EF035479FBC6FADE825C805C5", "user_profile": null, "full_name": "Clinton Davis", "email": "clintongadavis@gmail.com", "phone_number": "+353863941979", "country": "IE", "postcode": "D16WF62", "town_or_city": "Dublin", "street_address1": "60 Llewellyn Grove, Rathfarnham", "street_address2": "Rathfarnham", "county": "Dublin", "date": "2020-07-28T13:45:53.528Z", "delivery_cost": "0.00", "sub_discount": "0.00", "tax": "0.00", "order_total": "4455.00", "sub_total": "0.00", "grand_total": "4455.00", "original_cart": "{\"6\": 99}", "stripe_pid": "pi_1H9t7VJVYSpLhqQufMnROEGj"}}, {"model": "checkout.order", "pk": 14, "fields": {"order_number": "F250DE523EF14FDFBAD793F7B79E9D0F", "user_profile": 1, "full_name": "Clinton Davis", "email": "clintongadavis@gmail.com", "phone_number": "+353863941979", "country": "IE", "postcode": "D16WF62", "town_or_city": "Dublin", "street_address1": "60 Llewellyn Grove, Rathfarnham", "street_address2": "Rathfarnham", "county": "Dublin", "date": "2020-07-28T15:10:37.487Z", "delivery_cost": "3.40", "sub_discount": "0.00", "tax": "0.00", "order_total": "34.00", "sub_total": "0.00", "grand_total": "37.40", "original_cart": "{\"3\": {\"items_by_size\": {\"m\": 1}}}", "stripe_pid": "pi_1H9uRWJVYSpLhqQuoszrJdAc"}}, {"model": "checkout.order", "pk": 15, "fields": {"order_number": "07A5E94B0A894950ADA6A75454DD90D9", "user_profile": 1, "full_name": "Sinead Davis", "email": "sineadhdavis@gmail.com", "phone_number": "0876559726", "country": "IE", "postcode": "D16WF62", "town_or_city": "Dublin", "street_address1": "60 Llewellyn Grove, Rathfarnham", "street_address2": "Rathfarnham", "county": "Dublin", "date": "2020-07-28T15:26:55.947Z", "delivery_cost": "5.50", "sub_discount": "0.00", "tax": "0.00", "order_total": "55.00", "sub_total": "0.00", "grand_total": "60.50", "original_cart": "{\"4\": {\"items_by_size\": {\"m\": 1}}}", "stripe_pid": "pi_1H9uhGJVYSpLhqQuxdFz6eBn"}}, {"model": "checkout.order", "pk": 16, "fields": {"order_number": "3E84BE0118D948EFBE1BB15E1F4FA358", "user_profile": 1, "full_name": "Clinton Davis", "email": "clintongadavis@gmail.com", "phone_number": "+353863941979", "country": "IE", "postcode": "D16WF62", "town_or_city": "Dublin", "street_address1": "60 Llewellyn Grove, Rathfarnham", "street_address2": "Rathfarnham", "county": "Dublin", "date": "2020-07-28T15:36:58.834Z", "delivery_cost": "0.00", "sub_discount": "0.00", "tax": "0.00", "order_total": "2652.00", "sub_total": "0.00", "grand_total": "2652.00", "original_cart": "{\"3\": {\"items_by_size\": {\"m\": 78}}}", "stripe_pid": "pi_1H9uqyJVYSpLhqQuIvlbeY4h"}}, {"model": "checkout.order", "pk": 17, "fields": {"order_number": "FFD2F08EDCF84773A03F82493D81601C", "user_profile": 1, "full_name": "Clinton Davis", "email": "clintongadavis@gmail.com", "phone_number": "+353863941979", "country": "IE", "postcode": "D16WF62", "town_or_city": "Dublin", "street_address1": "60 Llewellyn Grove, Rathfarnham", "street_address2": "Rathfarnham", "county": "Dublin", "date": "2020-07-28T15:38:09.683Z", "delivery_cost": "3.40", "sub_discount": "0.00", "tax": "0.00", "order_total": "34.00", "sub_total": "0.00", "grand_total": "37.40", "original_cart": "{\"3\": {\"items_by_size\": {\"m\": 1}}}", "stripe_pid": "pi_1H9us9JVYSpLhqQuZtYDVnOZ"}}, {"model": "checkout.order", "pk": 18, "fields": {"order_number": "D2F38735A6E14F889FCF3F880F2D80D3", "user_profile": 1, "full_name": "Sinead Davis", "email": "sineadhdavis@gmail.com", "phone_number": "0876559726", "country": "IE", "postcode": "D16WF62", "town_or_city": "Dublin", "street_address1": "60 Llewellyn Grove, Rathfarnham", "street_address2": "Rathfarnham", "county": "Dublin", "date": "2020-07-28T15:39:09.581Z", "delivery_cost": "5.50", "sub_discount": "0.00", "tax": "0.00", "order_total": "55.00", "sub_total": "0.00", "grand_total": "60.50", "original_cart": "{\"4\": {\"items_by_size\": {\"m\": 1}}}", "stripe_pid": "pi_1H9ut5JVYSpLhqQuwolPP3e3"}}, {"model": "checkout.order", "pk": 19, "fields": {"order_number": "BD57C3743F7B4F6289550C3E2579EDFE", "user_profile": 1, "full_name": "Fred Flintston", "email": "admin@admin.com", "phone_number": "0876559726", "country": "IE", "postcode": "D16WF62", "town_or_city": "Dublin", "street_address1": "60 Llewellyn Grove, Rathfarnham", "street_address2": "Rathfarnham", "county": "Dublin", "date": "2020-07-28T15:41:45.968Z", "delivery_cost": "5.50", "sub_discount": "0.00", "tax": "0.00", "order_total": "55.00", "sub_total": "0.00", "grand_total": "60.50", "original_cart": "{\"4\": {\"items_by_size\": {\"m\": 1}}}", "stripe_pid": "pi_1H9uvcJVYSpLhqQuuUTmFd1g"}}, {"model": "checkout.order", "pk": 20, "fields": {"order_number": "A35B1E1D8644455493D1EAD5E9502C3F", "user_profile": 1, "full_name": "Fred Flintston", "email": "admin@admin.com", "phone_number": "0876559726", "country": "IE", "postcode": "D16WF62", "town_or_city": "Dublin", "street_address1": "60 Llewellyn Grove, Rathfarnham", "street_address2": "Rathfarnham", "county": "Dublin", "date": "2020-07-28T15:43:53.646Z", "delivery_cost": "3.00", "sub_discount": "0.00", "tax": "0.00", "order_total": "30.00", "sub_total": "0.00", "grand_total": "33.00", "original_cart": "{\"2\": {\"items_by_size\": {\"m\": 1}}}", "stripe_pid": "pi_1H9uxdJVYSpLhqQuWn29dMs1"}}, {"model": "checkout.order", "pk": 21, "fields": {"order_number": "F38806A39C6146D6B685714A4F6A48E5", "user_profile": 1, "full_name": "Fred Flintston", "email": "admin@admin.com", "phone_number": "0876559726", "country": "IE", "postcode": "D16WF62", "town_or_city": "Dublin", "street_address1": "60 Llewellyn Grove, Rathfarnham", "street_address2": "Rathfarnham", "county": "Dublin", "date": "2020-07-28T15:46:32.073Z", "delivery_cost": "0.00", "sub_discount": "0.00", "tax": "0.00", "order_total": "0.00", "sub_total": "0.00", "grand_total": "0.00", "original_cart": "{\"5\": {\"items_by_size\": {\"m\": 1}}}", "stripe_pid": "pi_1H9v0EJVYSpLhqQu9ePcSU2N"}}, {"model": "checkout.order", "pk": 22, "fields": {"order_number": "2FF4D7D2BC054E00A0D4CD20A2BFC582", "user_profile": 1, "full_name": "Clinton Davis", "email": "clintongadavis@gmail.com", "phone_number": "+353863941979", "country": "IE", "postcode": "D16WF62", "town_or_city": "Dublin", "street_address1": "60 Llewellyn Grove, Rathfarnham", "street_address2": "Rathfarnham", "county": "Dublin", "date": "2020-07-28T15:56:48.508Z", "delivery_cost": "0.00", "sub_discount": "0.00", "tax": "0.00", "order_total": "0.00", "sub_total": "0.00", "grand_total": "0.00", "original_cart": "{\"5\": {\"items_by_size\": {\"m\": 1}}}", "stripe_pid": "pi_1H9vADJVYSpLhqQu7Z6IjRae"}}, {"model": "checkout.order", "pk": 23, "fields": {"order_number": "2CA6D07C5FC340DFBE5DFA694116EB1C", "user_profile": 1, "full_name": "Clinton Davis", "email": "clintongadavis@gmail.com", "phone_number": "+353863941979", "country": "IE", "postcode": "D16WF62", "town_or_city": "Dublin", "street_address1": "60 Llewellyn Grove, Rathfarnham", "street_address2": "Rathfarnham", "county": "Dublin", "date": "2020-07-28T15:57:58.860Z", "delivery_cost": "0.00", "sub_discount": "0.00", "tax": "0.00", "order_total": "0.00", "sub_total": "0.00", "grand_total": "0.00", "original_cart": "{\"5\": {\"items_by_size\": {\"m\": 1}}}", "stripe_pid": "pi_1H9vBNJVYSpLhqQuqGs3GHgf"}}, {"model": "checkout.order", "pk": 24, "fields": {"order_number": "919922CA9A0B46B1A234583BF4627B19", "user_profile": 1, "full_name": "david", "email": "admin@admin.com", "phone_number": "+353863941979", "country": "IE", "postcode": "D16WF62", "town_or_city": "Dublin", "street_address1": "60 Llewellyn Grove, Rathfarnham", "street_address2": "Rathfarnham", "county": "Dublin", "date": "2020-07-28T16:01:47.549Z", "delivery_cost": "5.50", "sub_discount": "0.00", "tax": "0.00", "order_total": "55.00", "sub_total": "0.00", "grand_total": "60.50", "original_cart": "{\"4\": {\"items_by_size\": {\"m\": 1}}}", "stripe_pid": "pi_1H9vEuJVYSpLhqQuis2Xcr7d"}}, {"model": "checkout.order", "pk": 25, "fields": {"order_number": "C7A4F9A720724AE3BCF25547BCF241EF", "user_profile": 1, "full_name": "Clinton Davis", "email": "clintongadavis@gmail.com", "phone_number": "+353863941979", "country": "IE", "postcode": "D16WF62", "town_or_city": "Dublin", "street_address1": "60 Llewellyn Grove, Rathfarnham", "street_address2": "Rathfarnham", "county": "Dublin", "date": "2020-07-28T16:05:44.541Z", "delivery_cost": "3.40", "sub_discount": "0.00", "tax": "0.00", "order_total": "34.00", "sub_total": "0.00", "grand_total": "37.40", "original_cart": "{\"3\": {\"items_by_size\": {\"m\": 1}}}", "stripe_pid": "pi_1H9vIpJVYSpLhqQuLy382pFb"}}, {"model": "checkout.order", "pk": 26, "fields": {"order_number": "30A35038106840B4B3F061597FA50BBA", "user_profile": 1, "full_name": "Clinton Davis", "email": "clintongadavis@gmail.com", "phone_number": "+353863941979", "country": "IE", "postcode": "D16WF62", "town_or_city": "Dublin", "street_address1": "60 Llewellyn Grove, Rathfarnham", "street_address2": "Rathfarnham", "county": "Dublin", "date": "2020-07-28T20:21:42.346Z", "delivery_cost": "0.00", "sub_discount": "0.00", "tax": "0.00", "order_total": "0.00", "sub_total": "0.00", "grand_total": "0.00", "original_cart": "{\"5\": {\"items_by_size\": {\"m\": 1}}}", "stripe_pid": "pi_1H9zIYJVYSpLhqQuh7b5FEF9"}}, {"model": "checkout.order", "pk": 27, "fields": {"order_number": "45F6746C992C4865BACA9D6ADC979801", "user_profile": 1, "full_name": "Sinead Davis", "email": "sineadhdavis@gmail.com", "phone_number": "0876559726", "country": "IE", "postcode": "D16WF62", "town_or_city": "Dublin", "street_address1": "60 Llewellyn Grove, Rathfarnham", "street_address2": "Rathfarnham", "county": "Dublin", "date": "2020-07-28T20:24:36.905Z", "delivery_cost": "5.50", "sub_discount": "0.00", "tax": "0.00", "order_total": "55.00", "sub_total": "0.00", "grand_total": "60.50", "original_cart": "{\"4\": {\"items_by_size\": {\"m\": 1}}}", "stripe_pid": "pi_1H9zLGJVYSpLhqQuGOXuTpI6"}}, {"model": "checkout.order", "pk": 28, "fields": {"order_number": "5266E39F82F44B08984FD03D26005C64", "user_profile": 1, "full_name": "Clinton Davis", "email": "clintongadavis@gmail.com", "phone_number": "+353863941979", "country": "IE", "postcode": "D16WF62", "town_or_city": "Dublin", "street_address1": "60 Llewellyn Grove, Rathfarnham", "street_address2": "Rathfarnham", "county": "Dublin", "date": "2020-07-28T20:26:24.939Z", "delivery_cost": "5.50", "sub_discount": "0.00", "tax": "0.00", "order_total": "55.00", "sub_total": "0.00", "grand_total": "60.50", "original_cart": "{\"4\": {\"items_by_size\": {\"m\": 1}}}", "stripe_pid": "pi_1H9zN8JVYSpLhqQuVCK5ChUR"}}, {"model": "checkout.order", "pk": 29, "fields": {"order_number": "09A2FD262795403E888AFAD8EC69DAED", "user_profile": 1, "full_name": "Clinton Davis", "email": "clintongadavis@gmail.com", "phone_number": "+353863941979", "country": "IE", "postcode": "D16WF62", "town_or_city": "Dublin", "street_address1": "60 Llewellyn Grove, Rathfarnham", "street_address2": "Rathfarnham", "county": "Dublin", "date": "2020-07-28T20:30:03.692Z", "delivery_cost": "0.00", "sub_discount": "0.00", "tax": "0.00", "order_total": "0.00", "sub_total": "0.00", "grand_total": "0.00", "original_cart": "{\"5\": {\"items_by_size\": {\"m\": 1}}}", "stripe_pid": "pi_1H9zQeJVYSpLhqQujf18hjcc"}}, {"model": "checkout.order", "pk": 30, "fields": {"order_number": "96D70C9B79D746AEAC0D076FB2152BF7", "user_profile": 1, "full_name": "Clinton Davis", "email": "clintongadavis@gmail.com", "phone_number": "+353863941979", "country": "IE", "postcode": "D16WF62", "town_or_city": "Dublin", "street_address1": "60 Llewellyn Grove, Rathfarnham", "street_address2": "Rathfarnham", "county": "Dublin", "date": "2020-07-29T11:21:35.142Z", "delivery_cost": "3.40", "sub_discount": "0.00", "tax": "0.00", "order_total": "34.00", "sub_total": "0.00", "grand_total": "37.40", "original_cart": "{\"3\": {\"items_by_size\": {\"m\": 1}}}", "stripe_pid": "pi_1HADLOJVYSpLhqQum15rHSoH"}}, {"model": "checkout.order", "pk": 31, "fields": {"order_number": "013A7324B3BC4A83BD44E352AD32E7C7", "user_profile": 1, "full_name": "Clinton Davis", "email": "clintongadavis@gmail.com", "phone_number": "+353863941979", "country": "IE", "postcode": "D16WF62", "town_or_city": "Dublin", "street_address1": "60 Llewellyn Grove, Rathfarnham", "street_address2": "Rathfarnham", "county": "Dublin", "date": "2020-07-29T11:23:40.367Z", "delivery_cost": "3.40", "sub_discount": "0.00", "tax": "0.00", "order_total": "34.00", "sub_total": "0.00", "grand_total": "37.40", "original_cart": "{\"3\": {\"items_by_size\": {\"m\": 1}}}", "stripe_pid": "pi_1HADNRJVYSpLhqQuwoFM8dGn"}}, {"model": "checkout.order", "pk": 32, "fields": {"order_number": "DE433BFA753640C3A2211D304E076AFA", "user_profile": 1, "full_name": "Clinton Davis", "email": "clintongadavis@gmail.com", "phone_number": "+353863941979", "country": "IE", "postcode": "D16WF62", "town_or_city": "Dublin", "street_address1": "60 Llewellyn Grove, Rathfarnham", "street_address2": "Rathfarnham", "county": "Dublin", "date": "2020-07-29T11:26:10.770Z", "delivery_cost": "5.50", "sub_discount": "0.00", "tax": "0.00", "order_total": "55.00", "sub_total": "0.00", "grand_total": "60.50", "original_cart": "{\"4\": {\"items_by_size\": {\"m\": 1}}}", "stripe_pid": "pi_1HADPqJVYSpLhqQuwU5e8pGe"}}, {"model": "checkout.order", "pk": 33, "fields": {"order_number": "7CF58481BE84482CB881A2D9366496A9", "user_profile": 1, "full_name": "Clinton Davis", "email": "clintongadavis@gmail.com", "phone_number": "+353863941979", "country": "IE", "postcode": "D16WF62", "town_or_city": "Dublin", "street_address1": "60 Llewellyn Grove, Rathfarnham", "street_address2": "Rathfarnham", "county": "Dublin", "date": "2020-07-29T12:23:47.508Z", "delivery_cost": "3.40", "sub_discount": "0.00", "tax": "0.00", "order_total": "34.00", "sub_total": "0.00", "grand_total": "37.40", "original_cart": "{\"3\": {\"items_by_size\": {\"m\": 1}}}", "stripe_pid": "pi_1HAEJVJVYSpLhqQuGpEtEjCr"}}, {"model": "checkout.order", "pk": 34, "fields": {"order_number": "ED64D9F7E016465A89606CCEBAFF66E7", "user_profile": 1, "full_name": "Clinton Davis", "email": "clintongadavis@gmail.com", "phone_number": "+353863941979", "country": "IE", "postcode": "D16WF62", "town_or_city": "Dublin", "street_address1": "60 Llewellyn Grove, Rathfarnham", "street_address2": "Rathfarnham", "county": "Dublin", "date": "2020-07-29T12:25:11.817Z", "delivery_cost": "5.50", "sub_discount": "0.00", "tax": "0.00", "order_total": "55.00", "sub_total": "0.00", "grand_total": "60.50", "original_cart": "{\"4\": {\"items_by_size\": {\"m\": 1}}}", "stripe_pid": "pi_1HAEKtJVYSpLhqQu2sKat8H2"}}, {"model": "checkout.order", "pk": 35, "fields": {"order_number": "6FB5BAFB9B2945E2913B0D537197D1D0", "user_profile": 1, "full_name": "admin", "email": "admin@admin.com", "phone_number": "+353863941979", "country": "IE", "postcode": "D16WF62", "town_or_city": "Dublin", "street_address1": "60 Llewellyn Grove, Rathfarnham", "street_address2": "Rathfarnham", "county": "Dublin", "date": "2020-07-29T12:35:20.249Z", "delivery_cost": "0.00", "sub_discount": "0.00", "tax": "0.00", "order_total": "0.00", "sub_total": "0.00", "grand_total": "0.00", "original_cart": "{\"5\": {\"items_by_size\": {\"m\": 1}}}", "stripe_pid": "pi_1HAEUeJVYSpLhqQuI9BkObMx"}}, {"model": "checkout.order", "pk": 36, "fields": {"order_number": "3B24958208E64973A7F7C8AA88ED4564", "user_profile": null, "full_name": "Clinton Davis", "email": "clintongadavis@gmail.com", "phone_number": "+353863941979", "country": "IE", "postcode": "D16WF62", "town_or_city": "Dublin", "street_address1": "60 Llewellyn Grove, Rathfarnham, Rathfarnham", "street_address2": "Rathfarnham", "county": "Dublin", "date": "2020-07-30T11:33:44.527Z", "delivery_cost": "3.00", "sub_discount": "0.00", "tax": "0.00", "order_total": "30.00", "sub_total": "0.00", "grand_total": "33.00", "original_cart": "{\"2\": {\"items_by_size\": {\"m\": 1}}}", "stripe_pid": "pi_1HAa0oJVYSpLhqQusKipO7Gb"}}, {"model": "checkout.order", "pk": 37, "fields": {"order_number": "5A13A433534848E1BD4367837C2CCAED", "user_profile": 4, "full_name": "Clinton Davis", "email": "clintongadavis@gmail.com", "phone_number": "+353863941979", "country": "IE", "postcode": "D16WF62", "town_or_city": "Dublin", "street_address1": "60 Llewellyn Grove, Rathfarnham, Rathfarnham, Rathfarnham", "street_address2": "Rathfarnham", "county": "Dublin", "date": "2020-07-31T14:24:55.237Z", "delivery_cost": "0.00", "sub_discount": "0.00", "tax": "0.00", "order_total": "110.00", "sub_total": "0.00", "grand_total": "110.00", "original_cart": "{\"4\": {\"items_by_size\": {\"m\": 2}}}", "stripe_pid": "pi_1HAz9kJVYSpLhqQuStSz5wn1"}}, {"model": "checkout.order", "pk": 38, "fields": {"order_number": "B1FC938A93724DD9A7B9D04C225E9AD7", "user_profile": null, "full_name": "Clinton Davis", "email": "clintongadavis@gmail.com", "phone_number": "+353863941979", "country": "IE", "postcode": "D16WF62", "town_or_city": "Dublin", "street_address1": "60 Llewellyn Grove, Rathfarnham, Rathfarnham, Rathfarnham, Rathfarnham, Rathfarn", "street_address2": "Rathfarnham", "county": "Dublin", "date": "2020-08-04T12:38:31.979Z", "delivery_cost": "0.00", "sub_discount": "0.00", "tax": "0.00", "order_total": "0.00", "sub_total": "0.00", "grand_total": "0.00", "original_cart": "{\"3\": {\"items_by_size\": {\"m\": 1}}, \"4\": {\"items_by_size\": {\"m\": 1}}, \"6\": 1, \"7\": 1}", "stripe_pid": "pi_1HCPPCJVYSpLhqQu3HdZDPI9"}}, {"model": "checkout.order", "pk": 39, "fields": {"order_number": "EFC4FBEA8C534EE8AC0088CB565C9765", "user_profile": 4, "full_name": "Clinton Davis", "email": "clintongadavis@gmail.com", "phone_number": "+353863941979", "country": "IE", "postcode": "D16WF62", "town_or_city": "Dublin", "street_address1": "60 Llewellyn Grove, Rathfarnham, Rathfarnham, Rathfarnham, Rathfarnham, Rathfarn", "street_address2": "Rathfarnham", "county": "Dublin", "date": "2020-08-04T12:51:47.771Z", "delivery_cost": "0.00", "sub_discount": "0.00", "tax": "0.00", "order_total": "144.00", "sub_total": "0.00", "grand_total": "0.00", "original_cart": "{\"3\": {\"items_by_size\": {\"m\": 1}}, \"4\": {\"items_by_size\": {\"m\": 1}}, \"6\": 1, \"7\": 1}", "stripe_pid": "pi_1HCPPCJVYSpLhqQu3HdZDPI9"}}, {"model": "checkout.order", "pk": 40, "fields": {"order_number": "CBECF3E6F1974C0B8617667F80E0614E", "user_profile": 4, "full_name": "Clinton Davis", "email": "clintongadavis@gmail.com", "phone_number": "+353863941979", "country": "IE", "postcode": "D16WF62", "town_or_city": "Dublin", "street_address1": "60 Llewellyn Grove, Rathfarnham,", "street_address2": "Rathfarnham", "county": "Dublin", "date": "2020-08-04T12:54:26.136Z", "delivery_cost": "2.25", "sub_discount": "0.00", "tax": "0.00", "order_total": "45.00", "sub_total": "0.00", "grand_total": "47.25", "original_cart": "{\"6\": 1}", "stripe_pid": "pi_1HCPeRJVYSpLhqQusllbZ2ju"}}, {"model": "checkout.order", "pk": 41, "fields": {"order_number": "C7B8416C4ADA4A3B8BAA3D1A31E2C8ED", "user_profile": 1, "full_name": "Clinton Davis", "email": "clintongadavis@gmail.com", "phone_number": "+353863941979", "country": "IE", "postcode": "D16WF62", "town_or_city": "Dublin", "street_address1": "60 Llewellyn Grove, Rathfarnham,", "street_address2": "Rathfarnham", "county": "Dublin", "date": "2020-08-04T13:21:27.527Z", "delivery_cost": "2.75", "sub_discount": "0.00", "tax": "0.00", "order_total": "55.00", "sub_total": "0.00", "grand_total": "57.75", "original_cart": "{\"4\": {\"items_by_size\": {\"m\": 1}}}", "stripe_pid": "pi_1HCQ4GJVYSpLhqQu3TDLrfTg"}}, {"model": "checkout.order", "pk": 42, "fields": {"order_number": "9DBFE9799F824155ACFDED4A3BB68F8D", "user_profile": 1, "full_name": "test", "email": "sineadhdavis@gmail.com", "phone_number": "0863941979", "country": "IE", "postcode": "D16WF62", "town_or_city": "Dublin", "street_address1": "60 Llewellyn Grove, Rathfarnham", "street_address2": "Rathfarnham", "county": "Dublin", "date": "2020-08-04T13:52:12.272Z", "delivery_cost": "3.00", "sub_discount": "0.00", "tax": "9.00", "order_total": "60.00", "sub_total": "60.00", "grand_total": "72.00", "original_cart": "{\"7\": 6}", "stripe_pid": "pi_1HCQYPJVYSpLhqQuFL5mSWgF"}}, {"model": "checkout.order", "pk": 43, "fields": {"order_number": "88B15A6D8FF04ACD9BE19A9CF82463D6", "user_profile": null, "full_name": "Sinead Davis", "email": "sineadhdavis@gmail.com", "phone_number": "0876559726", "country": "IE", "postcode": "D16WF62", "town_or_city": "Dublin", "street_address1": "60 Llewellyn Grove, Rathfarnham, Rathfarnham", "street_address2": "Rathfarnham", "county": "Dublin", "date": "2020-08-04T19:21:49.030Z", "delivery_cost": "5.50", "sub_discount": "0.00", "tax": "16.50", "order_total": "110.00", "sub_total": "110.00", "grand_total": "132.00", "original_cart": "{\"4\": {\"items_by_size\": {\"s\": 2}}}", "stripe_pid": "pi_1HCVh6JVYSpLhqQuYgqwVP44"}}, {"model": "checkout.orderlineitem", "pk": 2, "fields": {"order": 2, "product": 3, "product_size": "m", "quantity": 1, "lineitem_total": "34.00"}}, {"model": "checkout.orderlineitem", "pk": 4, "fields": {"order": 4, "product": 6, "product_size": null, "quantity": 1, "lineitem_total": "45.00"}}, {"model": "checkout.orderlineitem", "pk": 5, "fields": {"order": 5, "product": 4, "product_size": "m", "quantity": 1, "lineitem_total": "55.00"}}, {"model": "checkout.orderlineitem", "pk": 7, "fields": {"order": 7, "product": 4, "product_size": "m", "quantity": 19, "lineitem_total": "1045.00"}}, {"model": "checkout.orderlineitem", "pk": 9, "fields": {"order": 9, "product": 3, "product_size": "m", "quantity": 3, "lineitem_total": "102.00"}}, {"model": "checkout.orderlineitem", "pk": 10, "fields": {"order": 10, "product": 3, "product_size": "m", "quantity": 4, "lineitem_total": "136.00"}}, {"model": "checkout.orderlineitem", "pk": 11, "fields": {"order": 11, "product": 4, "product_size": "m", "quantity": 1, "lineitem_total": "55.00"}}, {"model": "checkout.orderlineitem", "pk": 12, "fields": {"order": 12, "product": 2, "product_size": "m", "quantity": 35, "lineitem_total": "1050.00"}}, {"model": "checkout.orderlineitem", "pk": 13, "fields": {"order": 13, "product": 6, "product_size": null, "quantity": 99, "lineitem_total": "4455.00"}}, {"model": "checkout.orderlineitem", "pk": 14, "fields": {"order": 14, "product": 3, "product_size": "m", "quantity": 1, "lineitem_total": "34.00"}}, {"model": "checkout.orderlineitem", "pk": 15, "fields": {"order": 15, "product": 4, "product_size": "m", "quantity": 1, "lineitem_total": "55.00"}}, {"model": "checkout.orderlineitem", "pk": 16, "fields": {"order": 16, "product": 3, "product_size": "m", "quantity": 78, "lineitem_total": "2652.00"}}, {"model": "checkout.orderlineitem", "pk": 17, "fields": {"order": 17, "product": 3, "product_size": "m", "quantity": 1, "lineitem_total": "34.00"}}, {"model": "checkout.orderlineitem", "pk": 18, "fields": {"order": 18, "product": 4, "product_size": "m", "quantity": 1, "lineitem_total": "55.00"}}, {"model": "checkout.orderlineitem", "pk": 19, "fields": {"order": 19, "product": 4, "product_size": "m", "quantity": 1, "lineitem_total": "55.00"}}, {"model": "checkout.orderlineitem", "pk": 20, "fields": {"order": 20, "product": 2, "product_size": "m", "quantity": 1, "lineitem_total": "30.00"}}, {"model": "checkout.orderlineitem", "pk": 24, "fields": {"order": 24, "product": 4, "product_size": "m", "quantity": 1, "lineitem_total": "55.00"}}, {"model": "checkout.orderlineitem", "pk": 25, "fields": {"order": 25, "product": 3, "product_size": "m", "quantity": 1, "lineitem_total": "34.00"}}, {"model": "checkout.orderlineitem", "pk": 27, "fields": {"order": 27, "product": 4, "product_size": "m", "quantity": 1, "lineitem_total": "55.00"}}, {"model": "checkout.orderlineitem", "pk": 28, "fields": {"order": 28, "product": 4, "product_size": "m", "quantity": 1, "lineitem_total": "55.00"}}, {"model": "checkout.orderlineitem", "pk": 30, "fields": {"order": 30, "product": 3, "product_size": "m", "quantity": 1, "lineitem_total": "34.00"}}, {"model": "checkout.orderlineitem", "pk": 31, "fields": {"order": 31, "product": 3, "product_size": "m", "quantity": 1, "lineitem_total": "34.00"}}, {"model": "checkout.orderlineitem", "pk": 32, "fields": {"order": 32, "product": 4, "product_size": "m", "quantity": 1, "lineitem_total": "55.00"}}, {"model": "checkout.orderlineitem", "pk": 33, "fields": {"order": 33, "product": 3, "product_size": "m", "quantity": 1, "lineitem_total": "34.00"}}, {"model": "checkout.orderlineitem", "pk": 34, "fields": {"order": 34, "product": 4, "product_size": "m", "quantity": 1, "lineitem_total": "55.00"}}, {"model": "checkout.orderlineitem", "pk": 36, "fields": {"order": 36, "product": 2, "product_size": "m", "quantity": 1, "lineitem_total": "30.00"}}, {"model": "checkout.orderlineitem", "pk": 37, "fields": {"order": 37, "product": 4, "product_size": "m", "quantity": 2, "lineitem_total": "110.00"}}, {"model": "checkout.orderlineitem", "pk": 38, "fields": {"order": 38, "product": 3, "product_size": "m", "quantity": 1, "lineitem_total": "34.00"}}, {"model": "checkout.orderlineitem", "pk": 39, "fields": {"order": 39, "product": 3, "product_size": "m", "quantity": 1, "lineitem_total": "34.00"}}, {"model": "checkout.orderlineitem", "pk": 40, "fields": {"order": 39, "product": 4, "product_size": "m", "quantity": 1, "lineitem_total": "55.00"}}, {"model": "checkout.orderlineitem", "pk": 41, "fields": {"order": 39, "product": 6, "product_size": null, "quantity": 1, "lineitem_total": "45.00"}}, {"model": "checkout.orderlineitem", "pk": 42, "fields": {"order": 39, "product": 7, "product_size": null, "quantity": 1, "lineitem_total": "10.00"}}, {"model": "checkout.orderlineitem", "pk": 43, "fields": {"order": 40, "product": 6, "product_size": null, "quantity": 1, "lineitem_total": "45.00"}}, {"model": "checkout.orderlineitem", "pk": 44, "fields": {"order": 41, "product": 4, "product_size": "m", "quantity": 1, "lineitem_total": "55.00"}}, {"model": "checkout.orderlineitem", "pk": 45, "fields": {"order": 42, "product": 7, "product_size": null, "quantity": 6, "lineitem_total": "60.00"}}, {"model": "checkout.orderlineitem", "pk": 46, "fields": {"order": 43, "product": 4, "product_size": "s", "quantity": 2, "lineitem_total": "110.00"}}, {"model": "blog.category", "pk": 1, "fields": {"name": "Dieting"}}, {"model": "blog.category", "pk": 2, "fields": {"name": "Strength Training"}}, {"model": "blog.category", "pk": 3, "fields": {"name": "Body Building"}}, {"model": "blog.category", "pk": 4, "fields": {"name": "Covid-19"}}, {"model": "blog.category", "pk": 5, "fields": {"name": "Running"}}, {"model": "memberships.membership", "pk": 2, "fields": {"slug": "pro", "membership_type": "Professional", "price": 20, "stripe_plan_id": "price_1H5ofGJVYSpLhqQu8BjTG1Qu"}}, {"model": "memberships.membership", "pk": 3, "fields": {"slug": "free", "membership_type": "Free", "price": 0, "stripe_plan_id": "price_1H8lvuJVYSpLhqQufQe4bExh"}}, {"model": "memberships.subscription", "pk": 2, "fields": {"user_membership": 1, "stripe_subscription_id": "sub_HlaKljVR11Ctr7", "active": false}}, {"model": "memberships.subscription", "pk": 3, "fields": {"user_membership": 3, "stripe_subscription_id": "sub_HizYncggP5eAJp", "active": true}}, {"model": "memberships.subscription", "pk": 4, "fields": {"user_membership": 4, "stripe_subscription_id": "sub_HmFvXPGbrwqTCj", "active": false}}, {"model": "memberships.subscription", "pk": 5, "fields": {"user_membership": 5, "stripe_subscription_id": "sub_Hm3yY9VWDZjwhc", "active": true}}, {"model": "programs.program", "pk": 1, "fields": {"slug": "streanth-training", "title": "Streanth Training", "description": "Strength training involves the performance of physical exercises which are designed to improve strength and endurance. It is often associated with the use of weights but can take a variety of different forms\r\nWhen properly performed, strength training can provide significant functional benefits and improvement in overall health and well-being, including increased bone, muscle, tendon, and ligament strength and toughness, improved joint function, reduced potential for injury, increased bone density, increased metabolism, increased fitness and improved cardiac function. Training commonly uses the technique of progressively increasing the force output of the muscle through incremental weight increases and uses a variety of exercises and types of equipment to target specific muscle groups. Strength training is primarily an anaerobic activity, although some proponents have adapted it to provide the benefits of aerobic exercise through circuit training", "thumbnail": "damir-spanic-bigman_Ikw0Ja4.jpg", "allowed_memberships": [2]}}, {"model": "programs.program", "pk": 2, "fields": {"slug": "bulking-and-cutting", "title": "Bulking and Cutting", "description": "The general strategy adopted by most present-day competitive bodybuilders is to make muscle gains for most of the year (known as the \"off-season\") and, approximately 12\u201314 weeks from competition, lose a maximum of body fat (referred to as \"cutting\") while preserving as much muscular mass as possible. The bulking phase entails remaining in a net positive energy balance (calorie surplus). The amount of a surplus in which a person remains is based on the person's goals, as a bigger surplus and longer bulking phase will create more fat tissue. The surplus of calories relative to one's energy balance will ensure that muscles remain in a state of anabolism.", "thumbnail": "scott-webb-womanback.jpg", "allowed_memberships": [2]}}, {"model": "programs.program", "pk": 3, "fields": {"slug": "endurance-training", "title": "Endurance Training", "description": "Endurance training is the act of exercising to increase endurance. The term endurance training generally refers to training the aerobic system as opposed to the anaerobic system. The need for endurance in sports is often predicated as the need of cardiovascular and simple muscular endurance, but the issue of endurance is far more complex. Endurance can be divided into two categories including: general endurance and specific endurance. It can be shown that endurance in sport is closely tied to the execution of skill and technique. A well conditioned athlete can be defined as, the athlete who executes his or her technique consistently and effectively with the least effort. Key for measuring endurance are heart rate, power in cycling and pace in running.", "thumbnail": "womenblog4.jpg", "allowed_memberships": [2]}}, {"model": "programs.program", "pk": 4, "fields": {"slug": "weight-loss", "title": "Weight Loss", "description": "The ketogenic diet is a high-fat, adequate-protein, low-carbohydrate diet that in medicine is used mainly to treat hard-to-control (refractory) epilepsy in children. The diet forces the body to burn fats rather than carbohydrates.", "thumbnail": "keto.jpg", "allowed_memberships": [2]}}, {"model": "programs.program", "pk": 5, "fields": {"slug": "weight-maintenance", "title": "Weight Maintenance", "description": "There is currently no consensus on the definition of weight maintenance in adults. Issues to consider in setting a standard definition include expert opinion, precedents set in previous studies, public health and clinical applications, comparability across body sizes, measurement error, normal weight fluctuations and biologic relevance. To be useful, this definition should indicate an amount of change less than is clinically relevant, but more than expected from measurement error or fluctuations in fluid balance under normal conditions. It is an advantage for the definition to be graded by body size and to be easily understood by the public as well as scientists. Taking all these factors into consideration, the authors recommend that long-term weight maintenance in adults be defined as a weight change of <3% of body weight.", "thumbnail": "maintenance.png", "allowed_memberships": [2]}}, {"model": "programs.workout", "pk": 1, "fields": {"slug": "restance-trainng", "title": "Restance Trainng", "Program": 1, "position": 1, "video_url": "https://res.cloudinary.com/dayietcj3/video/upload/v1595865363/Basics_of_Resistance_Training_Principles_somelj.mp4", "thumbnail": "damir-spanic-800_CTl4SAw.jpg"}}, {"model": "programs.workout", "pk": 2, "fields": {"slug": "jsjsjsjsj", "title": "sjsjsjsjsj", "Program": 1, "position": 2, "video_url": "https://res.cloudinary.com/dayietcj3/video/upload/v1595865363/Basics_of_Resistance_Training_Principles_somelj.mp4", "thumbnail": "damir-spanic-800_0hbklnV.jpg"}}, {"model": "auth.permission", "pk": 1, "fields": {"name": "Can add log entry", "content_type": 1, "codename": "add_logentry"}}, {"model": "auth.permission", "pk": 2, "fields": {"name": "Can change log entry", "content_type": 1, "codename": "change_logentry"}}, {"model": "auth.permission", "pk": 3, "fields": {"name": "Can delete log entry", "content_type": 1, "codename": "delete_logentry"}}, {"model": "auth.permission", "pk": 4, "fields": {"name": "Can view log entry", "content_type": 1, "codename": "view_logentry"}}, {"model": "auth.permission", "pk": 5, "fields": {"name": "Can add permission", "content_type": 2, "codename": "add_permission"}}, {"model": "auth.permission", "pk": 6, "fields": {"name": "Can change permission", "content_type": 2, "codename": "change_permission"}}, {"model": "auth.permission", "pk": 7, "fields": {"name": "Can delete permission", "content_type": 2, "codename": "delete_permission"}}, {"model": "auth.permission", "pk": 8, "fields": {"name": "Can view permission", "content_type": 2, "codename": "view_permission"}}, {"model": "auth.permission", "pk": 9, "fields": {"name": "Can add group", "content_type": 3, "codename": "add_group"}}, {"model": "auth.permission", "pk": 10, "fields": {"name": "Can change group", "content_type": 3, "codename": "change_group"}}, {"model": "auth.permission", "pk": 11, "fields": {"name": "Can delete group", "content_type": 3, "codename": "delete_group"}}, {"model": "auth.permission", "pk": 12, "fields": {"name": "Can view group", "content_type": 3, "codename": "view_group"}}, {"model": "auth.permission", "pk": 13, "fields": {"name": "Can add user", "content_type": 4, "codename": "add_user"}}, {"model": "auth.permission", "pk": 14, "fields": {"name": "Can change user", "content_type": 4, "codename": "change_user"}}, {"model": "auth.permission", "pk": 15, "fields": {"name": "Can delete user", "content_type": 4, "codename": "delete_user"}}, {"model": "auth.permission", "pk": 16, "fields": {"name": "Can view user", "content_type": 4, "codename": "view_user"}}, {"model": "auth.permission", "pk": 17, "fields": {"name": "Can add content type", "content_type": 5, "codename": "add_contenttype"}}, {"model": "auth.permission", "pk": 18, "fields": {"name": "Can change content type", "content_type": 5, "codename": "change_contenttype"}}, {"model": "auth.permission", "pk": 19, "fields": {"name": "Can delete content type", "content_type": 5, "codename": "delete_contenttype"}}, {"model": "auth.permission", "pk": 20, "fields": {"name": "Can view content type", "content_type": 5, "codename": "view_contenttype"}}, {"model": "auth.permission", "pk": 21, "fields": {"name": "Can add session", "content_type": 6, "codename": "add_session"}}, {"model": "auth.permission", "pk": 22, "fields": {"name": "Can change session", "content_type": 6, "codename": "change_session"}}, {"model": "auth.permission", "pk": 23, "fields": {"name": "Can delete session", "content_type": 6, "codename": "delete_session"}}, {"model": "auth.permission", "pk": 24, "fields": {"name": "Can view session", "content_type": 6, "codename": "view_session"}}, {"model": "auth.permission", "pk": 25, "fields": {"name": "Can add site", "content_type": 7, "codename": "add_site"}}, {"model": "auth.permission", "pk": 26, "fields": {"name": "Can change site", "content_type": 7, "codename": "change_site"}}, {"model": "auth.permission", "pk": 27, "fields": {"name": "Can delete site", "content_type": 7, "codename": "delete_site"}}, {"model": "auth.permission", "pk": 28, "fields": {"name": "Can view site", "content_type": 7, "codename": "view_site"}}, {"model": "auth.permission", "pk": 29, "fields": {"name": "Can add email address", "content_type": 8, "codename": "add_emailaddress"}}, {"model": "auth.permission", "pk": 30, "fields": {"name": "Can change email address", "content_type": 8, "codename": "change_emailaddress"}}, {"model": "auth.permission", "pk": 31, "fields": {"name": "Can delete email address", "content_type": 8, "codename": "delete_emailaddress"}}, {"model": "auth.permission", "pk": 32, "fields": {"name": "Can view email address", "content_type": 8, "codename": "view_emailaddress"}}, {"model": "auth.permission", "pk": 33, "fields": {"name": "Can add email confirmation", "content_type": 9, "codename": "add_emailconfirmation"}}, {"model": "auth.permission", "pk": 34, "fields": {"name": "Can change email confirmation", "content_type": 9, "codename": "change_emailconfirmation"}}, {"model": "auth.permission", "pk": 35, "fields": {"name": "Can delete email confirmation", "content_type": 9, "codename": "delete_emailconfirmation"}}, {"model": "auth.permission", "pk": 36, "fields": {"name": "Can view email confirmation", "content_type": 9, "codename": "view_emailconfirmation"}}, {"model": "auth.permission", "pk": 37, "fields": {"name": "Can add social account", "content_type": 10, "codename": "add_socialaccount"}}, {"model": "auth.permission", "pk": 38, "fields": {"name": "Can change social account", "content_type": 10, "codename": "change_socialaccount"}}, {"model": "auth.permission", "pk": 39, "fields": {"name": "Can delete social account", "content_type": 10, "codename": "delete_socialaccount"}}, {"model": "auth.permission", "pk": 40, "fields": {"name": "Can view social account", "content_type": 10, "codename": "view_socialaccount"}}, {"model": "auth.permission", "pk": 41, "fields": {"name": "Can add social application", "content_type": 11, "codename": "add_socialapp"}}, {"model": "auth.permission", "pk": 42, "fields": {"name": "Can change social application", "content_type": 11, "codename": "change_socialapp"}}, {"model": "auth.permission", "pk": 43, "fields": {"name": "Can delete social application", "content_type": 11, "codename": "delete_socialapp"}}, {"model": "auth.permission", "pk": 44, "fields": {"name": "Can view social application", "content_type": 11, "codename": "view_socialapp"}}, {"model": "auth.permission", "pk": 45, "fields": {"name": "Can add social application token", "content_type": 12, "codename": "add_socialtoken"}}, {"model": "auth.permission", "pk": 46, "fields": {"name": "Can change social application token", "content_type": 12, "codename": "change_socialtoken"}}, {"model": "auth.permission", "pk": 47, "fields": {"name": "Can delete social application token", "content_type": 12, "codename": "delete_socialtoken"}}, {"model": "auth.permission", "pk": 48, "fields": {"name": "Can view social application token", "content_type": 12, "codename": "view_socialtoken"}}, {"model": "auth.permission", "pk": 49, "fields": {"name": "Can add category", "content_type": 13, "codename": "add_category"}}, {"model": "auth.permission", "pk": 50, "fields": {"name": "Can change category", "content_type": 13, "codename": "change_category"}}, {"model": "auth.permission", "pk": 51, "fields": {"name": "Can delete category", "content_type": 13, "codename": "delete_category"}}, {"model": "auth.permission", "pk": 52, "fields": {"name": "Can view category", "content_type": 13, "codename": "view_category"}}, {"model": "auth.permission", "pk": 53, "fields": {"name": "Can add product", "content_type": 14, "codename": "add_product"}}, {"model": "auth.permission", "pk": 54, "fields": {"name": "Can change product", "content_type": 14, "codename": "change_product"}}, {"model": "auth.permission", "pk": 55, "fields": {"name": "Can delete product", "content_type": 14, "codename": "delete_product"}}, {"model": "auth.permission", "pk": 56, "fields": {"name": "Can view product", "content_type": 14, "codename": "view_product"}}, {"model": "auth.permission", "pk": 57, "fields": {"name": "Can add order", "content_type": 15, "codename": "add_order"}}, {"model": "auth.permission", "pk": 58, "fields": {"name": "Can change order", "content_type": 15, "codename": "change_order"}}, {"model": "auth.permission", "pk": 59, "fields": {"name": "Can delete order", "content_type": 15, "codename": "delete_order"}}, {"model": "auth.permission", "pk": 60, "fields": {"name": "Can view order", "content_type": 15, "codename": "view_order"}}, {"model": "auth.permission", "pk": 61, "fields": {"name": "Can add order line item", "content_type": 16, "codename": "add_orderlineitem"}}, {"model": "auth.permission", "pk": 62, "fields": {"name": "Can change order line item", "content_type": 16, "codename": "change_orderlineitem"}}, {"model": "auth.permission", "pk": 63, "fields": {"name": "Can delete order line item", "content_type": 16, "codename": "delete_orderlineitem"}}, {"model": "auth.permission", "pk": 64, "fields": {"name": "Can view order line item", "content_type": 16, "codename": "view_orderlineitem"}}, {"model": "auth.permission", "pk": 65, "fields": {"name": "Can add user profile", "content_type": 17, "codename": "add_userprofile"}}, {"model": "auth.permission", "pk": 66, "fields": {"name": "Can change user profile", "content_type": 17, "codename": "change_userprofile"}}, {"model": "auth.permission", "pk": 67, "fields": {"name": "Can delete user profile", "content_type": 17, "codename": "delete_userprofile"}}, {"model": "auth.permission", "pk": 68, "fields": {"name": "Can view user profile", "content_type": 17, "codename": "view_userprofile"}}, {"model": "auth.permission", "pk": 69, "fields": {"name": "Can add blog", "content_type": 18, "codename": "add_blog"}}, {"model": "auth.permission", "pk": 70, "fields": {"name": "Can change blog", "content_type": 18, "codename": "change_blog"}}, {"model": "auth.permission", "pk": 71, "fields": {"name": "Can delete blog", "content_type": 18, "codename": "delete_blog"}}, {"model": "auth.permission", "pk": 72, "fields": {"name": "Can view blog", "content_type": 18, "codename": "view_blog"}}, {"model": "auth.permission", "pk": 73, "fields": {"name": "Can add category", "content_type": 19, "codename": "add_category"}}, {"model": "auth.permission", "pk": 74, "fields": {"name": "Can change category", "content_type": 19, "codename": "change_category"}}, {"model": "auth.permission", "pk": 75, "fields": {"name": "Can delete category", "content_type": 19, "codename": "delete_category"}}, {"model": "auth.permission", "pk": 76, "fields": {"name": "Can view category", "content_type": 19, "codename": "view_category"}}, {"model": "auth.permission", "pk": 77, "fields": {"name": "Can add like", "content_type": 20, "codename": "add_like"}}, {"model": "auth.permission", "pk": 78, "fields": {"name": "Can change like", "content_type": 20, "codename": "change_like"}}, {"model": "auth.permission", "pk": 79, "fields": {"name": "Can delete like", "content_type": 20, "codename": "delete_like"}}, {"model": "auth.permission", "pk": 80, "fields": {"name": "Can view like", "content_type": 20, "codename": "view_like"}}, {"model": "auth.permission", "pk": 81, "fields": {"name": "Can add blog view", "content_type": 21, "codename": "add_blogview"}}, {"model": "auth.permission", "pk": 82, "fields": {"name": "Can change blog view", "content_type": 21, "codename": "change_blogview"}}, {"model": "auth.permission", "pk": 83, "fields": {"name": "Can delete blog view", "content_type": 21, "codename": "delete_blogview"}}, {"model": "auth.permission", "pk": 84, "fields": {"name": "Can view blog view", "content_type": 21, "codename": "view_blogview"}}, {"model": "auth.permission", "pk": 85, "fields": {"name": "Can add blog comment", "content_type": 22, "codename": "add_blogcomment"}}, {"model": "auth.permission", "pk": 86, "fields": {"name": "Can change blog comment", "content_type": 22, "codename": "change_blogcomment"}}, {"model": "auth.permission", "pk": 87, "fields": {"name": "Can delete blog comment", "content_type": 22, "codename": "delete_blogcomment"}}, {"model": "auth.permission", "pk": 88, "fields": {"name": "Can view blog comment", "content_type": 22, "codename": "view_blogcomment"}}, {"model": "auth.permission", "pk": 89, "fields": {"name": "Can add membership", "content_type": 23, "codename": "add_membership"}}, {"model": "auth.permission", "pk": 90, "fields": {"name": "Can change membership", "content_type": 23, "codename": "change_membership"}}, {"model": "auth.permission", "pk": 91, "fields": {"name": "Can delete membership", "content_type": 23, "codename": "delete_membership"}}, {"model": "auth.permission", "pk": 92, "fields": {"name": "Can view membership", "content_type": 23, "codename": "view_membership"}}, {"model": "auth.permission", "pk": 93, "fields": {"name": "Can add user membership", "content_type": 24, "codename": "add_usermembership"}}, {"model": "auth.permission", "pk": 94, "fields": {"name": "Can change user membership", "content_type": 24, "codename": "change_usermembership"}}, {"model": "auth.permission", "pk": 95, "fields": {"name": "Can delete user membership", "content_type": 24, "codename": "delete_usermembership"}}, {"model": "auth.permission", "pk": 96, "fields": {"name": "Can view user membership", "content_type": 24, "codename": "view_usermembership"}}, {"model": "auth.permission", "pk": 97, "fields": {"name": "Can add subscription", "content_type": 25, "codename": "add_subscription"}}, {"model": "auth.permission", "pk": 98, "fields": {"name": "Can change subscription", "content_type": 25, "codename": "change_subscription"}}, {"model": "auth.permission", "pk": 99, "fields": {"name": "Can delete subscription", "content_type": 25, "codename": "delete_subscription"}}, {"model": "auth.permission", "pk": 100, "fields": {"name": "Can view subscription", "content_type": 25, "codename": "view_subscription"}}, {"model": "auth.permission", "pk": 101, "fields": {"name": "Can add program", "content_type": 26, "codename": "add_program"}}, {"model": "auth.permission", "pk": 102, "fields": {"name": "Can change program", "content_type": 26, "codename": "change_program"}}, {"model": "auth.permission", "pk": 103, "fields": {"name": "Can delete program", "content_type": 26, "codename": "delete_program"}}, {"model": "auth.permission", "pk": 104, "fields": {"name": "Can view program", "content_type": 26, "codename": "view_program"}}, {"model": "auth.permission", "pk": 105, "fields": {"name": "Can add workout", "content_type": 27, "codename": "add_workout"}}, {"model": "auth.permission", "pk": 106, "fields": {"name": "Can change workout", "content_type": 27, "codename": "change_workout"}}, {"model": "auth.permission", "pk": 107, "fields": {"name": "Can delete workout", "content_type": 27, "codename": "delete_workout"}}, {"model": "auth.permission", "pk": 108, "fields": {"name": "Can view workout", "content_type": 27, "codename": "view_workout"}}, {"model": "auth.permission", "pk": 109, "fields": {"name": "Can add user address", "content_type": 28, "codename": "add_useraddress"}}, {"model": "auth.permission", "pk": 110, "fields": {"name": "Can change user address", "content_type": 28, "codename": "change_useraddress"}}, {"model": "auth.permission", "pk": 111, "fields": {"name": "Can delete user address", "content_type": 28, "codename": "delete_useraddress"}}, {"model": "auth.permission", "pk": 112, "fields": {"name": "Can view user address", "content_type": 28, "codename": "view_useraddress"}}, {"model": "auth.permission", "pk": 113, "fields": {"name": "Can add profile", "content_type": 29, "codename": "add_profile"}}, {"model": "auth.permission", "pk": 114, "fields": {"name": "Can change profile", "content_type": 29, "codename": "change_profile"}}, {"model": "auth.permission", "pk": 115, "fields": {"name": "Can delete profile", "content_type": 29, "codename": "delete_profile"}}, {"model": "auth.permission", "pk": 116, "fields": {"name": "Can view profile", "content_type": 29, "codename": "view_profile"}}, {"model": "auth.user", "pk": 1, "fields": {"password": "pbkdf2_sha256$180000$MvnQ6gTaFMc3$aJR/zNb8YFfN97yIsm7mezrR4RwLvRy+jTiCyBOC270=", "last_login": "2020-08-05T16:11:40.581Z", "is_superuser": true, "username": "admin", "first_name": "", "last_name": "", "email": "admin@admin.com", "is_staff": true, "is_active": true, "date_joined": "2020-07-23T06:37:06Z", "groups": [], "user_permissions": []}}, {"model": "auth.user", "pk": 3, "fields": {"password": "pbkdf2_sha256$180000$pNTyTIEeMrUK$JMEBap0cMY/uFd7dL0ngl7ieA3vY30VJsqdfks59x6Y=", "last_login": "2020-07-27T11:40:48.000Z", "is_superuser": false, "username": "john", "first_name": "", "last_name": "", "email": "john@john.com", "is_staff": false, "is_active": true, "date_joined": "2020-07-27T11:37:01.257Z", "groups": [], "user_permissions": []}}, {"model": "auth.user", "pk": 4, "fields": {"password": "pbkdf2_sha256$180000$Q8vGeOX9NYvB$Fy38PHeGlVnb5ISBddWPuaZCPFfdfrjWKo+2cCsOlHI=", "last_login": "2020-08-05T12:33:33.976Z", "is_superuser": false, "username": "Clinton", "first_name": "", "last_name": "", "email": "clintongadavis@gmail.com", "is_staff": false, "is_active": true, "date_joined": "2020-07-29T13:03:20.083Z", "groups": [], "user_permissions": []}}, {"model": "auth.user", "pk": 5, "fields": {"password": "pbkdf2_sha256$180000$A3ICAiyKlJOK$/ripCR+lPcr6X9j/PmSAf+iViKe/cFCUejOi5DW6le8=", "last_login": "2020-08-04T19:30:31.139Z", "is_superuser": false, "username": "brett", "first_name": "", "last_name": "", "email": "bret@bret.com", "is_staff": false, "is_active": true, "date_joined": "2020-08-04T19:29:00.455Z", "groups": [], "user_permissions": []}}, {"model": "auth.user", "pk": 6, "fields": {"password": "pbkdf2_sha256$180000$ZvkIG8suHHdz$iDo+AjCM+/Z521JzJUA+/IqHTQIkxZeqB9J3Lhe1nlI=", "last_login": "2020-08-05T09:23:05.279Z", "is_superuser": false, "username": "monty", "first_name": "", "last_name": "", "email": "mark@mark.com", "is_staff": false, "is_active": true, "date_joined": "2020-08-05T09:13:25.514Z", "groups": [], "user_permissions": []}}, {"model": "account.emailaddress", "pk": 2, "fields": {"user": 1, "email": "admin@admin.com", "verified": true, "primary": true}}, {"model": "account.emailaddress", "pk": 3, "fields": {"user": 3, "email": "john@john.com", "verified": true, "primary": true}}, {"model": "account.emailaddress", "pk": 4, "fields": {"user": 4, "email": "clintongadavis@gmail.com", "verified": true, "primary": true}}, {"model": "account.emailaddress", "pk": 5, "fields": {"user": 5, "email": "bret@bret.com", "verified": true, "primary": true}}, {"model": "account.emailaddress", "pk": 6, "fields": {"user": 6, "email": "mark@mark.com", "verified": true, "primary": true}}, {"model": "profiles.userprofile", "pk": 1, "fields": {"user": 1, "default_phone_number": "0863941979", "default_street_address1": "60 Llewellyn Grove, Rathfarnham", "default_street_address2": "Rathfarnham", "default_town_or_city": "Dublin", "default_postcode": "D16WF62", "default_county": "Dublin", "default_country": "IE"}}, {"model": "profiles.userprofile", "pk": 3, "fields": {"user": 3, "default_phone_number": null, "default_street_address1": null, "default_street_address2": null, "default_town_or_city": null, "default_postcode": null, "default_county": null, "default_country": null}}, {"model": "profiles.userprofile", "pk": 4, "fields": {"user": 4, "default_phone_number": "+353863941979", "default_street_address1": "60 Llewellyn Grove, Rathfarnham,", "default_street_address2": "Rathfarnham", "default_town_or_city": "Dublin", "default_postcode": "D16WF62", "default_county": "Dublin", "default_country": "IE"}}, {"model": "profiles.userprofile", "pk": 5, "fields": {"user": 5, "default_phone_number": null, "default_street_address1": null, "default_street_address2": null, "default_town_or_city": null, "default_postcode": null, "default_county": null, "default_country": null}}, {"model": "profiles.userprofile", "pk": 6, "fields": {"user": 6, "default_phone_number": null, "default_street_address1": null, "default_street_address2": null, "default_town_or_city": null, "default_postcode": null, "default_county": null, "default_country": null}}, {"model": "blog.blog", "pk": 2, "fields": {"title": "HOW TO CLEAN CARDIO MACHINES", "category": "Covid-19", "content": "For many people, wiping down gym machines after use is a long-formed habit to help make the gym a nicer, fresher place for all. However, as we settle into the \u2018new normal\u2019, it\u2019s more important than ever to take care in carefully cleaning equipment such as the treadmill, cross trainer, rower and step machine before and after use.\r\n\r\nKeep reading to learn more about how you can clean the cardio machines at the gym.\r\n\r\nGeneral cleaning of cardio machines\r\n\r\nEach cardio machine will need to be cleaned in a slightly different way, but there are some universal tips to bear in mind, including:\r\n\r\nClean hands: wash or sanitise your hands as regularly as possible while at the gym, including when you arrive. At PureGym you\u2019ll be able to make use of the many sanitisation stations we\u2019ll provide around the gym.\r\nClean machines before and after use: this will ensure your exercise area is ready for you before you start and also clean for whoever comes next. All gym members will be encouraged to do the same.\r\nUse antiviral wipes or sprayed paper towels: give the machines a clean down with either a folded paper towel, spritzed at least twice with cleaning spray, or with sanitising wipes. We\u2019ll be ensuring plenty of both are available around the gym. Don\u2019t spray cleaning fluid directly onto the machinery as it could push anything sitting on the surface into the air.\r\nDon\u2019t use a sweat towel: stick to using the cleaning products and towels provided by the gyms rather than bringing your own gym/sweat towel; this will help to limit the spread of germs from outside the gym.\r\nBe careful around screens and electrics: While it\u2019s important to wipe these down if you\u2019re touching them, don\u2019t let screens get too damp.\r\nFocus on cleaning the main touch points of equipment: including any handles, seats, adjustment points, buttons you may press and so on.\r\nClean under your phone and water bottle: if you rested any of your own belongings on the equipment, or the water bottle holder, make sure to give these areas a wipe over.\r\nBut don\u2019t forget the rest: as a courtesy, also give the parts of the equipment directly in front of you a wipe down when you\u2019re finished too \u2013 you\u2019ll be breathing heavily over these areas during your workout.\r\nWait a few seconds after wiping down: the cleaning liquid will need a few moments to work and dry, so please wait 20 to 30 seconds before using so the surfaces aren\u2019t slippery for use.\r\nBin cloths and wipes: put these in the bins provided \u2013 don\u2019t leave any used tissues on the gym floor or on the equipment.\r\nTry not to touch afterwards: when wiping down the equipment after use, try not to place your hands on the cleaned areas.\r\nHow to clean a treadmill\r\n\r\nWhile exercising on the treadmill focuses mostly on your footwork as you walk or run, there are also several touch points you\u2019ll need to consider when cleaning it down.\r\n\r\nWipe down the full length of the side grip handles, both on top and underneath\r\nEnsure you also wipe over the entire front display, but with a lighter pressure on the display screen\r\nFocus in particular on any buttons you will be or have pressed\r\nHow to clean the cross trainer\r\n\r\nAgain, while the focus may be on your legs while using the cross trainer, there are also several areas you\u2019ll be touching and handling as you work out.\r\n\r\nWipe over the entirety of both the moving and static handles, taking care to wipe all sides and over the top end\r\nClean over the front display, paying particular attention to any buttons you may have pressed when turning on or adjusting the incline etc.\r\nHow to clean the step machine\r\n\r\nPaying careful attention to which parts of the step machine you\u2019ve made contact with will help you ensure a thorough clean.\r\n\r\nTake particular note of any handles or support bars you touched or used while working out or getting on to the step machine and make sure you\u2019ve cleaned them thoroughly\r\nWipe over the whole of the display screen, paying particular attention to the buttons you\u2019ve pressed while adjusting the settings\r\nWith a little consideration for cleanliness, we can dramatically reduce the risks faced from Covid-19 and other viruses, and create a safer space for all our members. Find out more about the safety steps we\u2019re taking at all of our gyms with our TrainSafe guide.", "thumbnail": "trainsafe_cleaning_blogheader-5.jpg", "publish_date": "2020-07-23T08:38:12.360Z", "last_updated": "2020-08-05T10:19:14.821Z", "author": 1, "slug": "how-to-clean-cardio-machines", "featured": true}}, {"model": "blog.blog", "pk": 3, "fields": {"title": "7  EXERCISES  WILL HELP YOU LOSE WEIGHT", "category": "Strength Training", "content": "<p>So you&rsquo;ve started at the gym and you&rsquo;re aiming to see some big changes over the next few weeks and months. If that&rsquo;s the case, you&rsquo;re likely to be building your workouts around exercises that&rsquo;ll see you both losing weight and gaining muscle, either at the same time or in sequence &ndash; by bulking and shredding. But what if we told you there&rsquo;s a particular type of exercise that&rsquo;s extra effective at achieving those goals? Compound exercises are the best way to get the most out of time-limited gym sessions. But what do they involve, and why do they produce better results?</p>\r\n\r\n<p>WHAT ARE COMPOUND EXERCISES?</p>\r\n\r\n<p>Every exercise you do, whether that&rsquo;s lifting a barbell or taking to the treadmill, falls into one of two categories. These are: Isolation exercise - any exercise which involves only one joint and one major muscle is trained in itself Compound movement &ndash; any exercise that involves 2 or more joints and more than one muscle group. While isolation exercises are great if you&rsquo;re wanting to target and see progress on a particular part of your body, there&rsquo;s no doubting that compound exercises are more efficient, particularly since you&rsquo;ve only got 45 &ndash; 60 minutes to make the most of the gym. Take, for example, the squat and the calf raise. A calf raise is pretty much the best workout your calves can get, but they don&rsquo;t do much &ndash; if anything at all &ndash; for the rest of your body. Meanwhile, a session of squats will see you work your core, glutes, quads, hamstrings and loads of other smaller muscles. By doing just a few different compound exercises, you could end up having trained your entire body, something that&rsquo;s been proven to have a number of benefits, including: Improved muscle strength Increase in muscle mass, which in turn increases metabolism Greater increases in your growth hormones Maximal oxygen consumption The benefits of compound exercises seem pretty clear cut. So, where to get started? The good news is that they&rsquo;re really easy to do, requiring just a little space and a dumbbell or weight at most. Here&rsquo;s our list of compound exercises for you to try.</p>\r\n\r\n<p>DEADLIFTS The deadlift sits somewhere between back and compound leg exercises. It even works the back and shoulders which is why it makes for a superb all-rounder. You actually do deadlifts all the time in day-to-day life, every time you bend down to pick something up or tie your shoelaces. However, in the gym you&rsquo;ll want to add a barbell or a pair of dumbbells in your hands to provide some extra resistance.</p>\r\n\r\n<p>SQUATS</p>\r\n\r\n<p><img alt=\"\" src=\"https://ne-media-cdn.puregym.com/media/792472/squat.jpg?quality=80&amp;mode=pad&amp;width=992\" style=\"height:56px; width:100px\" /></p>\r\n\r\n<p>As we mentioned above, squats make for a great all-body workout. They&rsquo;re excellent at toning the lower body and building strength generally, often referred to as &ldquo;The King of Compound Leg Exercises&rdquo; for their impact on the quads, glutes and hamstrings. But they&rsquo;ll also work your core and back, particularly when you up the ante and hold a kettlebell in your hands as you perform them.</p>\r\n\r\n<p>BARBELL THRUSTERS Compound exercises for arms don&rsquo;t get much more effective than this. It&rsquo;s certainly among the best uses for a barbell, and most of those experienced at these will you tell they&rsquo;re pretty fun, as far as things go! Barbell thrusters combine a full front squat and an overhead shoulder press, you work all the major muscles in your leg and core first, followed by your upper body and shoulders during the press motion. The strenuous nature of this one makes it an excellent calorie burning exercise. PRESS UPS Yes &ndash; this fitness stalwart really is one of the best compound exercises you can do. Ideal if it&rsquo;s compound tricep exercises you seek, press ups are super easy to get the hang of, and there&rsquo;s a good chance you&#39;re familiar with them already. Using multiple muscle groups to perform, you&rsquo;ll get a great workout with lots of calories burned and your blood pumping. Expect to see great results for your shoulders, chest, core and hips.</p>\r\n\r\n<p>DUMBBELL LUNGES While they&rsquo;re a real go-to if you&rsquo;re targeting your legs and bum in general, add the extra resistance of a dumbbell and your lunges will give your glutes, quads, hamstrings, calves and core a real challenge. Lunges are what&rsquo;s known as unilateral exercises, meaning they work one side of your body at a time. These come with the added bonus that they&rsquo;ll help improve your balance and stability, boosting your effectiveness at other exercises and giving you better stability for day-to-day life.</p>\r\n\r\n<p>DECLINE SIT UPS Sit ups are considered a staple ab exercise many people are familiar and are great for working multiple ab muscles in one move but to give your sit ups a real compound upgrade, take it to the bench. By working on an incline with your head lower than your knees, you&rsquo;ll make your sit ups much more challenging and involve lots of lower body muscles as you work to stabilise yourself on the slope.</p>\r\n\r\n<p>SEATED HAMMER CURLS These are an excellent option if you&rsquo;re interested in compound movements for arms. As you perform the hammer motion, you&rsquo;ll give your biceps and forearms a tough workout, building strength and muscle mass in the process. However, by remaining in a seated position, you put pressure on your core for stability. If you have an exercise ball you can take this one further &ndash; with additional balance required, you can put the effort right down into your quads. If you&rsquo;d like a little help getting started with these compound exercises, find a gym near you today, and come speak to one of our personal trainers.</p>", "thumbnail": "womenblog2.jpg", "publish_date": "2020-07-23T09:04:50.100Z", "last_updated": "2020-08-05T14:29:44.151Z", "author": 4, "slug": "7-compound-exercises-that-will-", "featured": false}}, {"model": "blog.blog", "pk": 5, "fields": {"title": "HEALTHY FOOD SWAPS TO IMPROVE YOUR DIET", "category": "Dieting", "content": "<p>We are often told the more we move and the less we eat the more weight we will shift. However allowing ourselves to get too hungry throughout the day or reducing our calorie intake drastically in hopes of losing weight is not the best idea. Not only does restricting your calorie intake effect your brain performance, it will effect your attempts to make healthier food choices and lose weight in the long run. The key is to choose our food wisely and opt for choices that will leave you feeling fuller for longer.</p>\r\n\r\n<h4>BREAKFAST</h4>\r\n\r\n<p>Do you normally have a bowl of cereal or a slice of toast with fresh orange in the morning try swapping it for a bowl of porridge with fresh fruit or wholemeal toast with poached eggs instead.</p>\r\n\r\n<p>&nbsp;</p>\r\n\r\n<h4>LUNCH</h4>\r\n\r\n<p>If you usually have a sandwich, fruit juice and packet of crisps for lunch to only feel like you want to get your hands on another snack mid afternoon, then try these simple lunch time swaps. Opt for a sandwich with wholemeal bread instead of white and try adding some more veg to increase the volume of the meal. Instead of having fruit juice have a bowl of fruit which will have more fibre and keep you satisfied for longer.</p>\r\n\r\n<p>Crisps are one of the nations favourite snacks, and whilst its okay to enjoy the foods we love in moderation there are alternatives for those who want to improve there nutrition game. Consuming foods high in sugar or carbs can lead to a sugar crash and make you feel more sleepy. Instead try snacking on some healthier alternatives to help stabilise your blood sugar levels and help keep hunger at bay. Good&nbsp;alternatives include unsalted nuts, hummus and vegetable sticks or a hard boiled egg. Snacks that contain protein will help to keep your hunger at bay.</p>\r\n\r\n<h4>DINNER</h4>\r\n\r\n<p>Love a hearty bowl of pasta? If you normally go for something like spaghetti bolognese try adding some extra vegetables for some added nutrients and fibre which will help keep you fuller for longer. Adding more veggies is a great way to control your portions without adding loads of calories.</p>\r\n\r\n<h4>DESSERT</h4>\r\n\r\n<p>If your craving something sweet to enjoy after your meal, try swapping your usual dessert with a bowl of fruit instead. Fruits are packed with water, which will help to keep you hydrated and hit that sweet spot with the natural sugars.</p>\r\n\r\n<h4>KEY POINTS</h4>\r\n\r\n<ul>\r\n\t<li>Swap refined breads, cereal and pasta for whole grain varieties</li>\r\n\t<li>Swap crisps and chocolates with fresh fruit or snacks high in protein</li>\r\n\t<li>Swap fruit juice for whole fruit</li>\r\n\t<li>So these are hacks to help you eating healthier and eating a good amount of food in without adding too many extra calories. Little tweaks are easier to stick to so rather than trying to overhaul your diet completely, so you&rsquo;re more likely going to see results over time. Fuel your body with nutrient dense foods so you control your weight, perform well and feel more energised!</li>\r\n</ul>", "thumbnail": "healthy-food-swaps.jpg", "publish_date": "2020-07-25T12:22:54.993Z", "last_updated": "2020-08-05T14:13:33.629Z", "author": 4, "slug": "healthy-food-swaps-to-improve-your-diet", "featured": true}}, {"model": "blog.blogcomment", "pk": 1, "fields": {"user": 1, "blog": 5, "timestamp": "2020-08-04T14:26:41.220Z", "content": "This is great"}}, {"model": "blog.blogcomment", "pk": 2, "fields": {"user": 1, "blog": 2, "timestamp": "2020-08-05T15:06:05.624Z", "content": "super good"}}, {"model": "blog.blogview", "pk": 1, "fields": {"user": 1, "blog": 2, "timestamp": "2020-07-23T08:39:15.298Z"}}, {"model": "blog.blogview", "pk": 3, "fields": {"user": 1, "blog": 3, "timestamp": "2020-07-23T11:09:15.601Z"}}, {"model": "blog.blogview", "pk": 5, "fields": {"user": 1, "blog": 5, "timestamp": "2020-08-01T10:29:10.207Z"}}, {"model": "blog.blogview", "pk": 6, "fields": {"user": 4, "blog": 3, "timestamp": "2020-08-04T19:24:16.817Z"}}, {"model": "blog.like", "pk": 1, "fields": {"user": 1, "blog": 5}}, {"model": "blog.like", "pk": 2, "fields": {"user": 1, "blog": 2}}, {"model": "blog.like", "pk": 3, "fields": {"user": 1, "blog": 3}}, {"model": "memberships.usermembership", "pk": 1, "fields": {"user": 1, "stripe_customer_id": "cus_HhMmYxR8jCF8Wa", "membership": 2}}, {"model": "memberships.usermembership", "pk": 3, "fields": {"user": 3, "stripe_customer_id": "cus_HiwWiMGi15Roob", "membership": 2}}, {"model": "memberships.usermembership", "pk": 4, "fields": {"user": 4, "stripe_customer_id": "cus_HjiMVGYRvNtLAM", "membership": 3}}, {"model": "memberships.usermembership", "pk": 5, "fields": {"user": 5, "stripe_customer_id": "cus_Hm3wYsnHZ3jHzR", "membership": 2}}, {"model": "memberships.usermembership", "pk": 6, "fields": {"user": 6, "stripe_customer_id": "cus_HmHFNN7wt7erhz", "membership": 3}}, {"model": "admin.logentry", "pk": 1, "fields": {"action_time": "2020-07-23T06:38:47.156Z", "user": 1, "content_type": 19, "object_id": "1", "object_repr": "home-gym", "action_flag": 1, "change_message": "[{\"added\": {}}]"}}, {"model": "admin.logentry", "pk": 2, "fields": {"action_time": "2020-07-23T06:39:12.106Z", "user": 1, "content_type": 19, "object_id": "2", "object_repr": "Body-Building", "action_flag": 1, "change_message": "[{\"added\": {}}]"}}, {"model": "admin.logentry", "pk": 3, "fields": {"action_time": "2020-07-23T06:39:29.601Z", "user": 1, "content_type": 19, "object_id": "3", "object_repr": "dieting", "action_flag": 1, "change_message": "[{\"added\": {}}]"}}, {"model": "admin.logentry", "pk": 4, "fields": {"action_time": "2020-07-23T06:39:47.338Z", "user": 1, "content_type": 19, "object_id": "4", "object_repr": "Sports Injury", "action_flag": 1, "change_message": "[{\"added\": {}}]"}}, {"model": "admin.logentry", "pk": 5, "fields": {"action_time": "2020-07-23T06:40:07.132Z", "user": 1, "content_type": 19, "object_id": "5", "object_repr": "Strength Training", "action_flag": 1, "change_message": "[{\"added\": {}}]"}}, {"model": "admin.logentry", "pk": 6, "fields": {"action_time": "2020-07-23T06:40:58.360Z", "user": 1, "content_type": 19, "object_id": "6", "object_repr": "endurance", "action_flag": 1, "change_message": "[{\"added\": {}}]"}}, {"model": "admin.logentry", "pk": 7, "fields": {"action_time": "2020-07-23T07:16:07.132Z", "user": 1, "content_type": 19, "object_id": "6", "object_repr": "endurance", "action_flag": 3, "change_message": ""}}, {"model": "admin.logentry", "pk": 8, "fields": {"action_time": "2020-07-23T07:16:07.159Z", "user": 1, "content_type": 19, "object_id": "5", "object_repr": "Strength Training", "action_flag": 3, "change_message": ""}}, {"model": "admin.logentry", "pk": 9, "fields": {"action_time": "2020-07-23T07:16:07.175Z", "user": 1, "content_type": 19, "object_id": "4", "object_repr": "Sports Injury", "action_flag": 3, "change_message": ""}}, {"model": "admin.logentry", "pk": 10, "fields": {"action_time": "2020-07-23T07:16:07.192Z", "user": 1, "content_type": 19, "object_id": "3", "object_repr": "dieting", "action_flag": 3, "change_message": ""}}, {"model": "admin.logentry", "pk": 11, "fields": {"action_time": "2020-07-23T07:16:07.209Z", "user": 1, "content_type": 19, "object_id": "2", "object_repr": "Body-Building", "action_flag": 3, "change_message": ""}}, {"model": "admin.logentry", "pk": 12, "fields": {"action_time": "2020-07-23T07:16:07.225Z", "user": 1, "content_type": 19, "object_id": "1", "object_repr": "home-gym", "action_flag": 3, "change_message": ""}}, {"model": "admin.logentry", "pk": 13, "fields": {"action_time": "2020-07-23T08:17:23.489Z", "user": 1, "content_type": 19, "object_id": "1", "object_repr": "Dieting", "action_flag": 1, "change_message": "[{\"added\": {}}]"}}, {"model": "admin.logentry", "pk": 14, "fields": {"action_time": "2020-07-23T08:17:48.263Z", "user": 1, "content_type": 19, "object_id": "2", "object_repr": "Strength Training", "action_flag": 1, "change_message": "[{\"added\": {}}]"}}, {"model": "admin.logentry", "pk": 15, "fields": {"action_time": "2020-07-23T08:18:03.812Z", "user": 1, "content_type": 19, "object_id": "3", "object_repr": "Body Building", "action_flag": 1, "change_message": "[{\"added\": {}}]"}}, {"model": "admin.logentry", "pk": 16, "fields": {"action_time": "2020-07-23T08:36:04.600Z", "user": 1, "content_type": 19, "object_id": "4", "object_repr": "Covid-19", "action_flag": 1, "change_message": "[{\"added\": {}}]"}}, {"model": "admin.logentry", "pk": 17, "fields": {"action_time": "2020-07-23T11:02:00.699Z", "user": 1, "content_type": 19, "object_id": "5", "object_repr": "Running", "action_flag": 1, "change_message": "[{\"added\": {}}]"}}, {"model": "admin.logentry", "pk": 18, "fields": {"action_time": "2020-07-23T15:03:34.835Z", "user": 1, "content_type": 13, "object_id": "1", "object_repr": "tops", "action_flag": 1, "change_message": "[{\"added\": {}}]"}}, {"model": "admin.logentry", "pk": 19, "fields": {"action_time": "2020-07-23T15:04:20.752Z", "user": 1, "content_type": 14, "object_id": "1", "object_repr": "womens top", "action_flag": 1, "change_message": "[{\"added\": {}}]"}}, {"model": "admin.logentry", "pk": 20, "fields": {"action_time": "2020-07-23T15:47:23.941Z", "user": 1, "content_type": 29, "object_id": "1", "object_repr": "admin", "action_flag": 1, "change_message": "[{\"added\": {}}]"}}, {"model": "admin.logentry", "pk": 21, "fields": {"action_time": "2020-07-23T16:00:42.335Z", "user": 1, "content_type": 23, "object_id": "1", "object_repr": "Free", "action_flag": 1, "change_message": "[{\"added\": {}}]"}}, {"model": "admin.logentry", "pk": 22, "fields": {"action_time": "2020-07-23T16:01:06.867Z", "user": 1, "content_type": 23, "object_id": "2", "object_repr": "Professional", "action_flag": 1, "change_message": "[{\"added\": {}}]"}}, {"model": "admin.logentry", "pk": 23, "fields": {"action_time": "2020-07-23T16:01:28.769Z", "user": 1, "content_type": 24, "object_id": "1", "object_repr": "admin", "action_flag": 2, "change_message": "[{\"changed\": {\"fields\": [\"Membership\"]}}]"}}, {"model": "admin.logentry", "pk": 24, "fields": {"action_time": "2020-07-23T16:02:54.858Z", "user": 1, "content_type": 24, "object_id": "1", "object_repr": "admin", "action_flag": 2, "change_message": "[{\"changed\": {\"fields\": [\"Membership\"]}}]"}}, {"model": "admin.logentry", "pk": 25, "fields": {"action_time": "2020-07-23T16:04:02.434Z", "user": 1, "content_type": 24, "object_id": "1", "object_repr": "admin", "action_flag": 2, "change_message": "[{\"changed\": {\"fields\": [\"Membership\"]}}]"}}, {"model": "admin.logentry", "pk": 26, "fields": {"action_time": "2020-07-23T19:38:26.819Z", "user": 1, "content_type": 18, "object_id": "3", "object_repr": "7  EXERCISES  WILL HELP YOU LOSE WEIGHT | admin", "action_flag": 2, "change_message": "[{\"changed\": {\"fields\": [\"Title\", \"Slug\", \"Featured\"]}}]"}}, {"model": "admin.logentry", "pk": 27, "fields": {"action_time": "2020-07-24T08:30:53.640Z", "user": 1, "content_type": 14, "object_id": "2", "object_repr": "mens top", "action_flag": 1, "change_message": "[{\"added\": {}}]"}}, {"model": "admin.logentry", "pk": 28, "fields": {"action_time": "2020-07-24T08:31:42.770Z", "user": 1, "content_type": 14, "object_id": "3", "object_repr": "mens 2nd top", "action_flag": 1, "change_message": "[{\"added\": {}}]"}}, {"model": "admin.logentry", "pk": 29, "fields": {"action_time": "2020-07-24T08:44:46.993Z", "user": 1, "content_type": 14, "object_id": "2", "object_repr": "mens top", "action_flag": 2, "change_message": "[{\"changed\": {\"fields\": [\"In stock\"]}}]"}}, {"model": "admin.logentry", "pk": 30, "fields": {"action_time": "2020-07-24T08:46:13.483Z", "user": 1, "content_type": 14, "object_id": "1", "object_repr": "womens top", "action_flag": 3, "change_message": ""}}, {"model": "admin.logentry", "pk": 31, "fields": {"action_time": "2020-07-24T09:11:40.689Z", "user": 1, "content_type": 14, "object_id": "2", "object_repr": "mens top", "action_flag": 2, "change_message": "[{\"changed\": {\"fields\": [\"In stock\"]}}]"}}, {"model": "admin.logentry", "pk": 32, "fields": {"action_time": "2020-07-24T09:45:49.016Z", "user": 1, "content_type": 14, "object_id": "4", "object_repr": "Mens jacket", "action_flag": 1, "change_message": "[{\"added\": {}}]"}}, {"model": "admin.logentry", "pk": 33, "fields": {"action_time": "2020-07-24T09:46:06.552Z", "user": 1, "content_type": 14, "object_id": "2", "object_repr": "mens top", "action_flag": 2, "change_message": "[{\"changed\": {\"fields\": [\"On sale\"]}}]"}}, {"model": "admin.logentry", "pk": 34, "fields": {"action_time": "2020-07-24T10:45:39.442Z", "user": 1, "content_type": 18, "object_id": "2", "object_repr": "HOW TO CLEAN CARDIO MACHINES", "action_flag": 2, "change_message": "[{\"changed\": {\"fields\": [\"Featured\"]}}]"}}, {"model": "admin.logentry", "pk": 35, "fields": {"action_time": "2020-07-24T10:45:39.458Z", "user": 1, "content_type": 18, "object_id": "1", "object_repr": "Testing Blogs", "action_flag": 2, "change_message": "[{\"changed\": {\"fields\": [\"Featured\"]}}]"}}, {"model": "admin.logentry", "pk": 36, "fields": {"action_time": "2020-07-24T10:59:32.793Z", "user": 1, "content_type": 18, "object_id": "1", "object_repr": "Testing Blogs", "action_flag": 2, "change_message": "[{\"changed\": {\"fields\": [\"Featured\"]}}]"}}, {"model": "admin.logentry", "pk": 37, "fields": {"action_time": "2020-07-24T14:43:32.289Z", "user": 1, "content_type": 18, "object_id": "2", "object_repr": "HOW TO CLEAN CARDIO MACHINES", "action_flag": 2, "change_message": "[{\"changed\": {\"fields\": [\"Featured\"]}}]"}}, {"model": "admin.logentry", "pk": 38, "fields": {"action_time": "2020-07-24T14:50:04.469Z", "user": 1, "content_type": 18, "object_id": "1", "object_repr": "Testing Blogs", "action_flag": 2, "change_message": "[{\"changed\": {\"fields\": [\"Featured\"]}}]"}}, {"model": "admin.logentry", "pk": 39, "fields": {"action_time": "2020-07-24T19:30:46.161Z", "user": 1, "content_type": 14, "object_id": "4", "object_repr": "Mens jacket", "action_flag": 2, "change_message": "[{\"changed\": {\"fields\": [\"Image\"]}}]"}}, {"model": "admin.logentry", "pk": 40, "fields": {"action_time": "2020-07-24T19:39:19.997Z", "user": 1, "content_type": 14, "object_id": "5", "object_repr": "Clinton Davis", "action_flag": 1, "change_message": "[{\"added\": {}}]"}}, {"model": "admin.logentry", "pk": 41, "fields": {"action_time": "2020-07-24T19:39:43.114Z", "user": 1, "content_type": 14, "object_id": "5", "object_repr": "Clinton Davis", "action_flag": 2, "change_message": "[{\"changed\": {\"fields\": [\"On sale\"]}}]"}}, {"model": "admin.logentry", "pk": 42, "fields": {"action_time": "2020-07-24T20:02:20.466Z", "user": 1, "content_type": 14, "object_id": "3", "object_repr": "mens 2nd top", "action_flag": 2, "change_message": "[{\"changed\": {\"fields\": [\"On sale\"]}}]"}}, {"model": "admin.logentry", "pk": 43, "fields": {"action_time": "2020-07-24T20:03:40.069Z", "user": 1, "content_type": 14, "object_id": "6", "object_repr": "Arizona Original Bootcut Jeans", "action_flag": 1, "change_message": "[{\"added\": {}}]"}}, {"model": "admin.logentry", "pk": 44, "fields": {"action_time": "2020-07-24T20:03:52.354Z", "user": 1, "content_type": 14, "object_id": "6", "object_repr": "Arizona Original Bootcut Jeans", "action_flag": 2, "change_message": "[{\"changed\": {\"fields\": [\"Image\"]}}]"}}, {"model": "admin.logentry", "pk": 45, "fields": {"action_time": "2020-07-24T20:08:48.614Z", "user": 1, "content_type": 14, "object_id": "5", "object_repr": "Clinton Davis", "action_flag": 2, "change_message": "[{\"changed\": {\"fields\": [\"On sale\"]}}]"}}, {"model": "admin.logentry", "pk": 46, "fields": {"action_time": "2020-07-24T20:08:48.634Z", "user": 1, "content_type": 14, "object_id": "4", "object_repr": "Mens jacket", "action_flag": 2, "change_message": "[{\"changed\": {\"fields\": [\"On sale\"]}}]"}}, {"model": "admin.logentry", "pk": 47, "fields": {"action_time": "2020-07-24T20:08:48.654Z", "user": 1, "content_type": 14, "object_id": "3", "object_repr": "mens 2nd top", "action_flag": 2, "change_message": "[{\"changed\": {\"fields\": [\"On sale\"]}}]"}}, {"model": "admin.logentry", "pk": 48, "fields": {"action_time": "2020-07-25T08:27:30.458Z", "user": 1, "content_type": 14, "object_id": "5", "object_repr": "Clinton Davis", "action_flag": 2, "change_message": "[{\"changed\": {\"fields\": [\"On sale\"]}}]"}}, {"model": "admin.logentry", "pk": 49, "fields": {"action_time": "2020-07-25T08:27:30.479Z", "user": 1, "content_type": 14, "object_id": "4", "object_repr": "Mens jacket", "action_flag": 2, "change_message": "[{\"changed\": {\"fields\": [\"On sale\"]}}]"}}, {"model": "admin.logentry", "pk": 50, "fields": {"action_time": "2020-07-25T08:44:25.024Z", "user": 1, "content_type": 18, "object_id": "1", "object_repr": "Testing Blogs", "action_flag": 3, "change_message": ""}}, {"model": "admin.logentry", "pk": 51, "fields": {"action_time": "2020-07-25T10:23:23.256Z", "user": 1, "content_type": 26, "object_id": "1", "object_repr": "Streanth training", "action_flag": 1, "change_message": "[{\"added\": {}}]"}}, {"model": "admin.logentry", "pk": 52, "fields": {"action_time": "2020-07-25T10:24:08.364Z", "user": 1, "content_type": 26, "object_id": "2", "object_repr": "Mussel Mass", "action_flag": 1, "change_message": "[{\"added\": {}}]"}}, {"model": "admin.logentry", "pk": 53, "fields": {"action_time": "2020-07-25T10:25:42.796Z", "user": 1, "content_type": 27, "object_id": "1", "object_repr": "Restance Trainng", "action_flag": 1, "change_message": "[{\"added\": {}}]"}}, {"model": "admin.logentry", "pk": 54, "fields": {"action_time": "2020-07-25T10:27:02.320Z", "user": 1, "content_type": 24, "object_id": "1", "object_repr": "admin", "action_flag": 2, "change_message": "[{\"changed\": {\"fields\": [\"Membership\"]}}]"}}, {"model": "admin.logentry", "pk": 55, "fields": {"action_time": "2020-07-25T11:17:50.266Z", "user": 1, "content_type": 23, "object_id": "1", "object_repr": "Free", "action_flag": 3, "change_message": ""}}, {"model": "admin.logentry", "pk": 56, "fields": {"action_time": "2020-07-25T11:19:40.221Z", "user": 1, "content_type": 25, "object_id": "1", "object_repr": "Brett", "action_flag": 1, "change_message": "[{\"added\": {}}]"}}, {"model": "admin.logentry", "pk": 57, "fields": {"action_time": "2020-07-25T11:27:11.824Z", "user": 1, "content_type": 24, "object_id": "2", "object_repr": "Brett", "action_flag": 2, "change_message": "[{\"changed\": {\"fields\": [\"Membership\"]}}]"}}, {"model": "admin.logentry", "pk": 58, "fields": {"action_time": "2020-07-25T11:29:59.931Z", "user": 1, "content_type": 25, "object_id": "1", "object_repr": "Brett", "action_flag": 2, "change_message": "[{\"changed\": {\"fields\": [\"Active\"]}}]"}}, {"model": "admin.logentry", "pk": 59, "fields": {"action_time": "2020-07-25T11:54:25.820Z", "user": 1, "content_type": 23, "object_id": "3", "object_repr": "Free", "action_flag": 1, "change_message": "[{\"added\": {}}]"}}, {"model": "admin.logentry", "pk": 60, "fields": {"action_time": "2020-07-25T11:55:42.232Z", "user": 1, "content_type": 24, "object_id": "2", "object_repr": "Brett", "action_flag": 2, "change_message": "[{\"changed\": {\"fields\": [\"Membership\"]}}]"}}, {"model": "admin.logentry", "pk": 61, "fields": {"action_time": "2020-07-25T12:08:33.239Z", "user": 1, "content_type": 24, "object_id": "1", "object_repr": "admin", "action_flag": 2, "change_message": "[{\"changed\": {\"fields\": [\"Membership\"]}}]"}}, {"model": "admin.logentry", "pk": 62, "fields": {"action_time": "2020-07-27T16:00:50.872Z", "user": 1, "content_type": 27, "object_id": "1", "object_repr": "Restance Trainng", "action_flag": 2, "change_message": "[{\"changed\": {\"fields\": [\"Video url\"]}}]"}}, {"model": "admin.logentry", "pk": 63, "fields": {"action_time": "2020-07-28T09:30:13.074Z", "user": 1, "content_type": 24, "object_id": "1", "object_repr": "admin", "action_flag": 2, "change_message": "[{\"changed\": {\"fields\": [\"Membership\"]}}]"}}, {"model": "admin.logentry", "pk": 64, "fields": {"action_time": "2020-07-28T20:35:55.507Z", "user": 1, "content_type": 24, "object_id": "1", "object_repr": "admin", "action_flag": 2, "change_message": "[{\"changed\": {\"fields\": [\"Membership\"]}}]"}}, {"model": "admin.logentry", "pk": 65, "fields": {"action_time": "2020-07-29T08:16:03.352Z", "user": 1, "content_type": 24, "object_id": "1", "object_repr": "admin", "action_flag": 2, "change_message": "[{\"changed\": {\"fields\": [\"Membership\"]}}]"}}, {"model": "admin.logentry", "pk": 66, "fields": {"action_time": "2020-07-29T08:16:28.011Z", "user": 1, "content_type": 24, "object_id": "1", "object_repr": "admin", "action_flag": 2, "change_message": "[]"}}, {"model": "admin.logentry", "pk": 67, "fields": {"action_time": "2020-07-29T08:25:15.132Z", "user": 1, "content_type": 24, "object_id": "1", "object_repr": "admin", "action_flag": 2, "change_message": "[{\"changed\": {\"fields\": [\"Membership\"]}}]"}}, {"model": "admin.logentry", "pk": 68, "fields": {"action_time": "2020-07-29T08:28:40.173Z", "user": 1, "content_type": 24, "object_id": "1", "object_repr": "admin", "action_flag": 2, "change_message": "[{\"changed\": {\"fields\": [\"Membership\"]}}]"}}, {"model": "admin.logentry", "pk": 69, "fields": {"action_time": "2020-07-29T08:29:45.276Z", "user": 1, "content_type": 24, "object_id": "1", "object_repr": "admin", "action_flag": 2, "change_message": "[{\"changed\": {\"fields\": [\"Membership\"]}}]"}}, {"model": "admin.logentry", "pk": 70, "fields": {"action_time": "2020-07-29T08:31:26.205Z", "user": 1, "content_type": 24, "object_id": "1", "object_repr": "admin", "action_flag": 2, "change_message": "[{\"changed\": {\"fields\": [\"Membership\"]}}]"}}, {"model": "admin.logentry", "pk": 71, "fields": {"action_time": "2020-07-29T08:36:28.366Z", "user": 1, "content_type": 24, "object_id": "1", "object_repr": "admin", "action_flag": 2, "change_message": "[{\"changed\": {\"fields\": [\"Membership\"]}}]"}}, {"model": "admin.logentry", "pk": 72, "fields": {"action_time": "2020-07-29T08:53:42.198Z", "user": 1, "content_type": 24, "object_id": "1", "object_repr": "admin", "action_flag": 2, "change_message": "[{\"changed\": {\"fields\": [\"Membership\"]}}]"}}, {"model": "admin.logentry", "pk": 73, "fields": {"action_time": "2020-07-29T09:02:28.037Z", "user": 1, "content_type": 24, "object_id": "1", "object_repr": "admin", "action_flag": 2, "change_message": "[{\"changed\": {\"fields\": [\"Membership\"]}}]"}}, {"model": "admin.logentry", "pk": 74, "fields": {"action_time": "2020-07-29T09:05:32.163Z", "user": 1, "content_type": 24, "object_id": "1", "object_repr": "admin", "action_flag": 2, "change_message": "[{\"changed\": {\"fields\": [\"Membership\"]}}]"}}, {"model": "admin.logentry", "pk": 75, "fields": {"action_time": "2020-07-29T09:07:10.101Z", "user": 1, "content_type": 24, "object_id": "1", "object_repr": "admin", "action_flag": 2, "change_message": "[{\"changed\": {\"fields\": [\"Membership\"]}}]"}}, {"model": "admin.logentry", "pk": 76, "fields": {"action_time": "2020-07-29T09:29:57.610Z", "user": 1, "content_type": 24, "object_id": "1", "object_repr": "admin", "action_flag": 2, "change_message": "[{\"changed\": {\"fields\": [\"Membership\"]}}]"}}, {"model": "admin.logentry", "pk": 77, "fields": {"action_time": "2020-07-29T11:31:35.572Z", "user": 1, "content_type": 24, "object_id": "1", "object_repr": "admin", "action_flag": 2, "change_message": "[{\"changed\": {\"fields\": [\"Membership\"]}}]"}}, {"model": "admin.logentry", "pk": 78, "fields": {"action_time": "2020-07-29T11:38:13.400Z", "user": 1, "content_type": 24, "object_id": "1", "object_repr": "admin", "action_flag": 2, "change_message": "[{\"changed\": {\"fields\": [\"Membership\"]}}]"}}, {"model": "admin.logentry", "pk": 79, "fields": {"action_time": "2020-07-29T11:40:48.528Z", "user": 1, "content_type": 24, "object_id": "1", "object_repr": "admin", "action_flag": 2, "change_message": "[{\"changed\": {\"fields\": [\"Membership\"]}}]"}}, {"model": "admin.logentry", "pk": 80, "fields": {"action_time": "2020-07-29T11:41:46.961Z", "user": 1, "content_type": 24, "object_id": "1", "object_repr": "admin", "action_flag": 2, "change_message": "[{\"changed\": {\"fields\": [\"Membership\"]}}]"}}, {"model": "admin.logentry", "pk": 81, "fields": {"action_time": "2020-07-29T11:44:40.204Z", "user": 1, "content_type": 24, "object_id": "1", "object_repr": "admin", "action_flag": 2, "change_message": "[{\"changed\": {\"fields\": [\"Membership\"]}}]"}}, {"model": "admin.logentry", "pk": 82, "fields": {"action_time": "2020-07-29T11:45:56.116Z", "user": 1, "content_type": 24, "object_id": "1", "object_repr": "admin", "action_flag": 2, "change_message": "[{\"changed\": {\"fields\": [\"Membership\"]}}]"}}, {"model": "admin.logentry", "pk": 83, "fields": {"action_time": "2020-07-29T11:59:45.826Z", "user": 1, "content_type": 24, "object_id": "1", "object_repr": "admin", "action_flag": 2, "change_message": "[{\"changed\": {\"fields\": [\"Membership\"]}}]"}}, {"model": "admin.logentry", "pk": 84, "fields": {"action_time": "2020-07-29T12:01:55.133Z", "user": 1, "content_type": 24, "object_id": "1", "object_repr": "admin", "action_flag": 2, "change_message": "[]"}}, {"model": "admin.logentry", "pk": 85, "fields": {"action_time": "2020-07-29T12:10:56.464Z", "user": 1, "content_type": 4, "object_id": "2", "object_repr": "Brett", "action_flag": 3, "change_message": ""}}, {"model": "admin.logentry", "pk": 86, "fields": {"action_time": "2020-07-29T12:11:12.953Z", "user": 1, "content_type": 24, "object_id": "1", "object_repr": "admin", "action_flag": 2, "change_message": "[]"}}, {"model": "admin.logentry", "pk": 87, "fields": {"action_time": "2020-07-29T12:21:15.751Z", "user": 1, "content_type": 4, "object_id": "1", "object_repr": "admin", "action_flag": 2, "change_message": "[]"}}, {"model": "admin.logentry", "pk": 88, "fields": {"action_time": "2020-07-29T12:35:49.128Z", "user": 1, "content_type": 24, "object_id": "1", "object_repr": "admin", "action_flag": 2, "change_message": "[]"}}, {"model": "admin.logentry", "pk": 89, "fields": {"action_time": "2020-07-29T13:09:50.341Z", "user": 1, "content_type": 24, "object_id": "4", "object_repr": "Clinton", "action_flag": 2, "change_message": "[{\"changed\": {\"fields\": [\"Membership\"]}}]"}}, {"model": "admin.logentry", "pk": 90, "fields": {"action_time": "2020-07-30T11:54:01.308Z", "user": 1, "content_type": 23, "object_id": "3", "object_repr": "Free", "action_flag": 2, "change_message": "[{\"changed\": {\"fields\": [\"Price\"]}}]"}}, {"model": "admin.logentry", "pk": 91, "fields": {"action_time": "2020-07-30T12:38:38.804Z", "user": 1, "content_type": 24, "object_id": "1", "object_repr": "admin", "action_flag": 2, "change_message": "[{\"changed\": {\"fields\": [\"Membership\"]}}]"}}, {"model": "admin.logentry", "pk": 92, "fields": {"action_time": "2020-07-30T12:39:41.199Z", "user": 1, "content_type": 24, "object_id": "1", "object_repr": "admin", "action_flag": 2, "change_message": "[{\"changed\": {\"fields\": [\"Membership\"]}}]"}}, {"model": "admin.logentry", "pk": 93, "fields": {"action_time": "2020-07-30T13:55:44.740Z", "user": 1, "content_type": 24, "object_id": "1", "object_repr": "admin", "action_flag": 2, "change_message": "[{\"changed\": {\"fields\": [\"Membership\"]}}]"}}, {"model": "admin.logentry", "pk": 94, "fields": {"action_time": "2020-07-30T14:50:23.692Z", "user": 1, "content_type": 26, "object_id": "1", "object_repr": "Streanth training", "action_flag": 2, "change_message": "[{\"changed\": {\"fields\": [\"Description\"]}}]"}}, {"model": "admin.logentry", "pk": 95, "fields": {"action_time": "2020-07-30T14:51:46.584Z", "user": 1, "content_type": 26, "object_id": "1", "object_repr": "Streanth training", "action_flag": 2, "change_message": "[{\"changed\": {\"fields\": [\"Description\"]}}]"}}, {"model": "admin.logentry", "pk": 96, "fields": {"action_time": "2020-07-30T15:13:36.661Z", "user": 1, "content_type": 27, "object_id": "2", "object_repr": "sjsjsjsjsj", "action_flag": 1, "change_message": "[{\"added\": {}}]"}}, {"model": "admin.logentry", "pk": 97, "fields": {"action_time": "2020-07-30T15:39:41.913Z", "user": 1, "content_type": 26, "object_id": "2", "object_repr": "Bulking and cutting", "action_flag": 2, "change_message": "[{\"changed\": {\"fields\": [\"Slug\", \"Title\", \"Description\"]}}]"}}, {"model": "admin.logentry", "pk": 98, "fields": {"action_time": "2020-07-30T15:40:37.349Z", "user": 1, "content_type": 26, "object_id": "2", "object_repr": "Bulking and cutting", "action_flag": 2, "change_message": "[{\"changed\": {\"fields\": [\"Description\"]}}]"}}, {"model": "admin.logentry", "pk": 99, "fields": {"action_time": "2020-07-30T15:42:12.965Z", "user": 1, "content_type": 26, "object_id": "3", "object_repr": "Endurance Training", "action_flag": 1, "change_message": "[{\"added\": {}}]"}}, {"model": "admin.logentry", "pk": 100, "fields": {"action_time": "2020-07-30T15:44:02.495Z", "user": 1, "content_type": 26, "object_id": "2", "object_repr": "Bulking and Cutting", "action_flag": 2, "change_message": "[{\"changed\": {\"fields\": [\"Title\"]}}]"}}, {"model": "admin.logentry", "pk": 101, "fields": {"action_time": "2020-07-30T15:44:10.214Z", "user": 1, "content_type": 26, "object_id": "1", "object_repr": "Streanth Training", "action_flag": 2, "change_message": "[{\"changed\": {\"fields\": [\"Title\"]}}]"}}, {"model": "admin.logentry", "pk": 102, "fields": {"action_time": "2020-07-31T09:18:50.620Z", "user": 1, "content_type": 26, "object_id": "4", "object_repr": "Weight Loss", "action_flag": 1, "change_message": "[{\"added\": {}}]"}}, {"model": "admin.logentry", "pk": 103, "fields": {"action_time": "2020-07-31T09:23:23.473Z", "user": 1, "content_type": 26, "object_id": "5", "object_repr": "Weight Maintenance", "action_flag": 1, "change_message": "[{\"added\": {}}]"}}, {"model": "admin.logentry", "pk": 104, "fields": {"action_time": "2020-07-31T09:53:11.851Z", "user": 1, "content_type": 14, "object_id": "5", "object_repr": "Clinton Davis", "action_flag": 3, "change_message": ""}}, {"model": "admin.logentry", "pk": 105, "fields": {"action_time": "2020-07-31T14:04:51.308Z", "user": 1, "content_type": 18, "object_id": "5", "object_repr": "HEALTHY FOOD SWAPS TO IMPROVE YOUR DIET", "action_flag": 2, "change_message": "[{\"changed\": {\"fields\": [\"Author\"]}}]"}}, {"model": "admin.logentry", "pk": 106, "fields": {"action_time": "2020-07-31T14:05:04.193Z", "user": 1, "content_type": 18, "object_id": "3", "object_repr": "7  EXERCISES  WILL HELP YOU LOSE WEIGHT", "action_flag": 2, "change_message": "[{\"changed\": {\"fields\": [\"Author\"]}}]"}}, {"model": "admin.logentry", "pk": 107, "fields": {"action_time": "2020-07-31T15:42:39.534Z", "user": 1, "content_type": 26, "object_id": "1", "object_repr": "Streanth Training", "action_flag": 2, "change_message": "[{\"changed\": {\"fields\": [\"Thumbnail\"]}}]"}}, {"model": "admin.logentry", "pk": 108, "fields": {"action_time": "2020-07-31T16:03:45.445Z", "user": 1, "content_type": 26, "object_id": "2", "object_repr": "Bulking and Cutting", "action_flag": 2, "change_message": "[{\"changed\": {\"fields\": [\"Thumbnail\"]}}]"}}, {"model": "admin.logentry", "pk": 109, "fields": {"action_time": "2020-07-31T16:04:13.906Z", "user": 1, "content_type": 26, "object_id": "3", "object_repr": "Endurance Training", "action_flag": 2, "change_message": "[{\"changed\": {\"fields\": [\"Thumbnail\"]}}]"}}, {"model": "admin.logentry", "pk": 110, "fields": {"action_time": "2020-08-01T10:12:26.271Z", "user": 1, "content_type": 18, "object_id": "5", "object_repr": "HEALTHY FOOD SWAPS TO IMPROVE YOUR DIET", "action_flag": 2, "change_message": "[{\"changed\": {\"fields\": [\"Featured\"]}}]"}}, {"model": "admin.logentry", "pk": 111, "fields": {"action_time": "2020-08-01T10:12:26.293Z", "user": 1, "content_type": 18, "object_id": "4", "object_repr": "HOW TO PREPARE FOR GYMS REOPENING", "action_flag": 2, "change_message": "[{\"changed\": {\"fields\": [\"Featured\"]}}]"}}, {"model": "admin.logentry", "pk": 112, "fields": {"action_time": "2020-08-03T09:36:20.121Z", "user": 1, "content_type": 14, "object_id": "7", "object_repr": "Protein", "action_flag": 1, "change_message": "[{\"added\": {}}]"}}, {"model": "admin.logentry", "pk": 113, "fields": {"action_time": "2020-08-03T09:38:58.716Z", "user": 1, "content_type": 14, "object_id": "7", "object_repr": "Protein", "action_flag": 2, "change_message": "[]"}}, {"model": "admin.logentry", "pk": 114, "fields": {"action_time": "2020-08-04T15:08:13.615Z", "user": 1, "content_type": 14, "object_id": "7", "object_repr": "Protein", "action_flag": 2, "change_message": "[{\"changed\": {\"fields\": [\"In stock\"]}}]"}}, {"model": "admin.logentry", "pk": 115, "fields": {"action_time": "2020-08-04T19:34:27.497Z", "user": 1, "content_type": 14, "object_id": "7", "object_repr": "Protein", "action_flag": 2, "change_message": "[{\"changed\": {\"fields\": [\"In stock\", \"On sale\"]}}]"}}, {"model": "admin.logentry", "pk": 116, "fields": {"action_time": "2020-08-04T19:34:27.513Z", "user": 1, "content_type": 14, "object_id": "3", "object_repr": "mens 2nd top", "action_flag": 2, "change_message": "[{\"changed\": {\"fields\": [\"On sale\"]}}]"}}, {"model": "admin.logentry", "pk": 117, "fields": {"action_time": "2020-08-04T19:34:27.529Z", "user": 1, "content_type": 14, "object_id": "2", "object_repr": "mens top", "action_flag": 2, "change_message": "[{\"changed\": {\"fields\": [\"On sale\"]}}]"}}, {"model": "admin.logentry", "pk": 118, "fields": {"action_time": "2020-08-05T06:15:26.150Z", "user": 1, "content_type": 14, "object_id": "7", "object_repr": "Protein", "action_flag": 2, "change_message": "[{\"changed\": {\"fields\": [\"On sale\"]}}]"}}, {"model": "admin.logentry", "pk": 119, "fields": {"action_time": "2020-08-05T06:15:26.169Z", "user": 1, "content_type": 14, "object_id": "6", "object_repr": "Arizona Original Bootcut Jeans", "action_flag": 2, "change_message": "[{\"changed\": {\"fields\": [\"On sale\"]}}]"}}, {"model": "admin.logentry", "pk": 120, "fields": {"action_time": "2020-08-05T06:15:26.187Z", "user": 1, "content_type": 14, "object_id": "4", "object_repr": "Mens jacket", "action_flag": 2, "change_message": "[{\"changed\": {\"fields\": [\"On sale\"]}}]"}}, {"model": "admin.logentry", "pk": 121, "fields": {"action_time": "2020-08-05T06:17:57.151Z", "user": 1, "content_type": 14, "object_id": "4", "object_repr": "Mens jacket", "action_flag": 2, "change_message": "[{\"changed\": {\"fields\": [\"On sale\"]}}]"}}, {"model": "admin.logentry", "pk": 122, "fields": {"action_time": "2020-08-05T06:18:26.043Z", "user": 1, "content_type": 14, "object_id": "7", "object_repr": "Protein", "action_flag": 2, "change_message": "[{\"changed\": {\"fields\": [\"On sale\"]}}]"}}, {"model": "admin.logentry", "pk": 123, "fields": {"action_time": "2020-08-05T06:18:26.073Z", "user": 1, "content_type": 14, "object_id": "6", "object_repr": "Arizona Original Bootcut Jeans", "action_flag": 2, "change_message": "[{\"changed\": {\"fields\": [\"On sale\"]}}]"}}, {"model": "admin.logentry", "pk": 124, "fields": {"action_time": "2020-08-05T06:18:26.109Z", "user": 1, "content_type": 14, "object_id": "2", "object_repr": "mens top", "action_flag": 2, "change_message": "[{\"changed\": {\"fields\": [\"On sale\"]}}]"}}, {"model": "admin.logentry", "pk": 125, "fields": {"action_time": "2020-08-05T06:19:47.224Z", "user": 1, "content_type": 14, "object_id": "8", "object_repr": "vitamins", "action_flag": 1, "change_message": "[{\"added\": {}}]"}}, {"model": "admin.logentry", "pk": 126, "fields": {"action_time": "2020-08-05T06:20:55.064Z", "user": 1, "content_type": 14, "object_id": "8", "object_repr": "vitamins", "action_flag": 2, "change_message": "[{\"changed\": {\"fields\": [\"Image\"]}}]"}}, {"model": "admin.logentry", "pk": 127, "fields": {"action_time": "2020-08-05T06:41:49.780Z", "user": 1, "content_type": 13, "object_id": "1", "object_repr": "special_offers", "action_flag": 2, "change_message": "[{\"changed\": {\"fields\": [\"Name\", \"Friendly name\"]}}]"}}, {"model": "admin.logentry", "pk": 128, "fields": {"action_time": "2020-08-05T06:42:45.040Z", "user": 1, "content_type": 13, "object_id": "2", "object_repr": "tops", "action_flag": 1, "change_message": "[{\"added\": {}}]"}}, {"model": "admin.logentry", "pk": 129, "fields": {"action_time": "2020-08-05T06:42:59.406Z", "user": 1, "content_type": 13, "object_id": "3", "object_repr": "protein", "action_flag": 1, "change_message": "[{\"added\": {}}]"}}, {"model": "admin.logentry", "pk": 130, "fields": {"action_time": "2020-08-05T06:43:19.294Z", "user": 1, "content_type": 13, "object_id": "4", "object_repr": "bcaa", "action_flag": 1, "change_message": "[{\"added\": {}}]"}}, {"model": "admin.logentry", "pk": 131, "fields": {"action_time": "2020-08-05T06:43:41.148Z", "user": 1, "content_type": 14, "object_id": "7", "object_repr": "Protein", "action_flag": 2, "change_message": "[{\"changed\": {\"fields\": [\"Category\"]}}]"}}, {"model": "admin.logentry", "pk": 132, "fields": {"action_time": "2020-08-05T06:43:41.165Z", "user": 1, "content_type": 14, "object_id": "6", "object_repr": "Arizona Original Bootcut Jeans", "action_flag": 2, "change_message": "[{\"changed\": {\"fields\": [\"Category\"]}}]"}}, {"model": "admin.logentry", "pk": 133, "fields": {"action_time": "2020-08-05T06:43:41.182Z", "user": 1, "content_type": 14, "object_id": "4", "object_repr": "Mens jacket", "action_flag": 2, "change_message": "[{\"changed\": {\"fields\": [\"Category\"]}}]"}}, {"model": "admin.logentry", "pk": 134, "fields": {"action_time": "2020-08-05T06:43:41.199Z", "user": 1, "content_type": 14, "object_id": "2", "object_repr": "mens top", "action_flag": 2, "change_message": "[{\"changed\": {\"fields\": [\"Category\"]}}]"}}, {"model": "admin.logentry", "pk": 135, "fields": {"action_time": "2020-08-05T07:25:07.288Z", "user": 1, "content_type": 14, "object_id": "7", "object_repr": "Protein", "action_flag": 2, "change_message": "[{\"changed\": {\"fields\": [\"Category\"]}}]"}}, {"model": "admin.logentry", "pk": 136, "fields": {"action_time": "2020-08-05T07:33:15.136Z", "user": 1, "content_type": 14, "object_id": "6", "object_repr": "Arizona Original Bootcut Jeans", "action_flag": 2, "change_message": "[{\"changed\": {\"fields\": [\"On sale\"]}}]"}}, {"model": "admin.logentry", "pk": 137, "fields": {"action_time": "2020-08-05T07:33:15.152Z", "user": 1, "content_type": 14, "object_id": "4", "object_repr": "Mens jacket", "action_flag": 2, "change_message": "[{\"changed\": {\"fields\": [\"On sale\"]}}]"}}, {"model": "admin.logentry", "pk": 138, "fields": {"action_time": "2020-08-05T07:33:15.169Z", "user": 1, "content_type": 14, "object_id": "2", "object_repr": "mens top", "action_flag": 2, "change_message": "[{\"changed\": {\"fields\": [\"On sale\"]}}]"}}, {"model": "admin.logentry", "pk": 139, "fields": {"action_time": "2020-08-05T07:49:22.133Z", "user": 1, "content_type": 24, "object_id": "1", "object_repr": "admin", "action_flag": 2, "change_message": "[{\"changed\": {\"fields\": [\"Membership\"]}}]"}}, {"model": "admin.logentry", "pk": 140, "fields": {"action_time": "2020-08-05T10:19:14.836Z", "user": 1, "content_type": 18, "object_id": "2", "object_repr": "HOW TO CLEAN CARDIO MACHINES", "action_flag": 2, "change_message": "[{\"changed\": {\"fields\": [\"Featured\"]}}]"}}, {"model": "admin.logentry", "pk": 141, "fields": {"action_time": "2020-08-05T11:15:06.108Z", "user": 1, "content_type": 18, "object_id": "5", "object_repr": "HEALTHY FOOD SWAPS TO IMPROVE YOUR DIET", "action_flag": 2, "change_message": "[{\"changed\": {\"fields\": [\"Featured\"]}}]"}}, {"model": "admin.logentry", "pk": 142, "fields": {"action_time": "2020-08-05T11:15:06.132Z", "user": 1, "content_type": 18, "object_id": "3", "object_repr": "7  EXERCISES  WILL HELP YOU LOSE WEIGHT", "action_flag": 2, "change_message": "[{\"changed\": {\"fields\": [\"Featured\"]}}]"}}, {"model": "admin.logentry", "pk": 143, "fields": {"action_time": "2020-08-05T14:13:33.642Z", "user": 1, "content_type": 18, "object_id": "5", "object_repr": "HEALTHY FOOD SWAPS TO IMPROVE YOUR DIET", "action_flag": 2, "change_message": "[{\"changed\": {\"fields\": [\"Featured\"]}}]"}}, {"model": "admin.logentry", "pk": 144, "fields": {"action_time": "2020-08-05T14:13:33.659Z", "user": 1, "content_type": 18, "object_id": "3", "object_repr": "7  EXERCISES  WILL HELP YOU LOSE WEIGHT", "action_flag": 2, "change_message": "[{\"changed\": {\"fields\": [\"Featured\"]}}]"}}, {"model": "admin.logentry", "pk": 145, "fields": {"action_time": "2020-08-05T14:29:44.213Z", "user": 1, "content_type": 18, "object_id": "3", "object_repr": "7  EXERCISES  WILL HELP YOU LOSE WEIGHT", "action_flag": 2, "change_message": "[{\"changed\": {\"fields\": [\"Featured\"]}}]"}}, {"model": "admin.logentry", "pk": 146, "fields": {"action_time": "2020-08-06T07:08:59.436Z", "user": 1, "content_type": 14, "object_id": "4", "object_repr": "Mens jacket", "action_flag": 2, "change_message": "[{\"changed\": {\"fields\": [\"Description\"]}}]"}}, {"model": "admin.logentry", "pk": 147, "fields": {"action_time": "2020-08-06T07:16:52.628Z", "user": 1, "content_type": 14, "object_id": "4", "object_repr": "Mens jacket", "action_flag": 2, "change_message": "[{\"changed\": {\"fields\": [\"Description\"]}}]"}}, {"model": "admin.logentry", "pk": 148, "fields": {"action_time": "2020-08-06T07:22:08.229Z", "user": 1, "content_type": 14, "object_id": "4", "object_repr": "Mens jacket", "action_flag": 2, "change_message": "[{\"changed\": {\"fields\": [\"Description\"]}}]"}}, {"model": "admin.logentry", "pk": 149, "fields": {"action_time": "2020-08-06T07:24:24.237Z", "user": 1, "content_type": 14, "object_id": "4", "object_repr": "Mens jacket", "action_flag": 2, "change_message": "[{\"changed\": {\"fields\": [\"Description\"]}}]"}}, {"model": "admin.logentry", "pk": 150, "fields": {"action_time": "2020-08-06T07:27:57.027Z", "user": 1, "content_type": 14, "object_id": "4", "object_repr": "Mens jacket", "action_flag": 2, "change_message": "[{\"changed\": {\"fields\": [\"Description\"]}}]"}}, {"model": "admin.logentry", "pk": 151, "fields": {"action_time": "2020-08-06T07:37:25.521Z", "user": 1, "content_type": 14, "object_id": "4", "object_repr": "Mens jacket", "action_flag": 2, "change_message": "[]"}}]